user_id,regdate
0,2017-04-21
1,2018-05-09
2,2017-03-11
3,2018-05-09
4,2016-12-29
5,2018-04-29
6,2017-02-21
7,2018-05-10
8,2017-03-31
9,2017-06-18
10,2017-01-03
11,2018-05-10
12,2018-05-08
13,2018-03-05
14,2015-01-02
15,2018-04-28
16,2012-09-20
17,2018-02-14
18,2018-01-23
19,2017-11-11
20,2012-05-14
21,2018-05-12
22,2018-05-12
23,2017-10-28
24,2018-05-13
25,2017-05-14
26,2018-05-13
27,2018-05-10
28,2018-03-16
29,2018-05-04
30,2018-05-13
31,2018-05-14
32,2018-05-14
33,2018-05-14
34,2018-03-16
35,2017-02-20
36,2018-01-04
37,2017-07-12
38,2018-05-12
39,2018-05-14
40,2018-05-08
41,2018-05-09
42,2014-03-06
43,2018-03-13
44,2018-05-14
45,2014-11-04
46,2018-01-02
47,2017-02-23
48,2017-07-19
49,2017-08-23
50,2018-05-15
51,2017-04-06
52,2015-03-29
53,2018-05-15
54,2018-05-15
55,2018-05-13
56,2018-05-08
57,2018-05-07
58,2018-05-15
59,2018-05-15
60,2018-05-15
61,2018-05-15
62,2016-12-04
63,2016-11-03
64,2018-05-15
65,2018-03-22
66,2018-05-15
67,2013-11-09
68,2018-05-04
69,2016-10-05
70,2016-09-12
71,2018-05-14
72,2016-12-04
73,2018-05-15
74,2016-08-04
75,2018-05-15
76,2018-04-21
77,2017-02-20
78,2016-12-01
79,2018-05-16
80,2017-06-14
81,2017-06-19
82,2018-05-16
83,2018-05-16
84,2017-12-24
85,2018-05-16
86,2017-03-03
87,2018-03-16
88,2018-05-14
89,2017-04-03
90,2011-03-19
91,2017-02-20
92,2018-05-16
93,2018-05-11
94,2018-03-29
95,2015-01-12
96,2018-05-15
97,2018-05-16
98,2018-05-16
99,2017-10-28
100,2017-08-12
101,2016-11-30
102,2014-11-01
103,2012-03-10
104,2014-07-01
105,2014-04-11
106,2018-05-17
107,2018-05-17
108,2018-04-08
109,2018-03-14
110,2018-05-17
111,2017-07-25
112,2018-05-17
113,2018-05-17
114,2018-05-15
115,2018-05-17
116,2018-05-17
117,2018-05-17
118,2012-10-26
119,2016-09-01
120,2018-05-17
121,2018-04-04
122,2018-05-17
123,2018-04-03
124,2018-01-06
125,2010-10-21
126,2018-05-17
127,2017-09-02
128,2017-11-15
129,2016-11-08
130,2015-01-20
131,2018-05-18
132,2017-12-08
133,2014-12-22
134,2017-12-08
135,2018-05-17
136,2018-05-18
137,2018-05-18
138,2018-05-18
139,2018-05-18
140,2018-01-27
141,2012-06-27
142,2015-11-05
143,2018-02-18
144,2016-06-27
145,2018-05-17
146,2018-05-18
147,2016-01-15
148,2013-07-18
149,2018-05-19
150,2018-05-18
151,2016-07-28
152,2018-05-13
153,2018-05-13
154,2017-09-15
155,2018-05-19
156,2013-07-02
157,2018-04-15
158,2018-05-07
159,2015-04-07
160,2018-05-19
161,2018-05-19
162,2016-12-04
163,2018-04-04
164,2016-12-04
165,2016-09-27
166,2009-04-09
167,2018-05-20
168,2018-05-20
169,2018-05-20
170,2018-05-15
171,2018-05-20
172,2013-03-18
173,2018-05-20
174,2017-11-22
175,2013-09-11
176,2013-06-11
177,2018-05-20
178,2018-05-20
179,2015-05-28
180,2018-05-20
181,2018-05-20
182,2018-05-20
183,2016-11-04
184,2018-01-22
185,2018-05-20
186,2018-05-20
187,2012-05-01
188,2015-08-17
189,2018-05-18
190,2018-05-04
191,2015-03-27
192,2018-05-21
193,2017-07-18
194,2008-05-13
195,2018-03-16
196,2015-03-27
197,2017-09-05
198,2018-05-11
199,2017-11-01
200,2018-02-17
201,2018-04-16
202,2017-08-10
203,2014-11-09
204,2015-09-11
205,2018-05-21
206,2018-05-21
207,2017-11-27
208,2014-10-01
209,2018-05-08
210,2018-03-12
211,2018-05-21
212,2016-09-29
213,2018-05-21
214,2014-04-17
215,2018-05-21
216,2018-05-21
217,2018-05-22
218,2017-04-27
219,2018-05-22
220,2018-05-21
221,2018-05-22
222,2018-04-18
223,2018-05-11
224,2014-11-27
225,2018-05-22
226,2017-02-10
227,2017-08-25
228,2010-10-24
229,2017-09-03
230,2018-05-22
231,2017-03-30
232,2018-01-31
233,2018-03-09
234,2018-05-21
235,2018-05-22
236,2018-05-22
237,2018-05-20
238,2018-05-22
239,2014-08-03
240,2018-05-23
241,2015-05-12
242,2017-06-30
243,2018-04-25
244,2016-09-13
245,2013-07-16
246,2018-05-23
247,2017-09-03
248,2018-05-23
249,2018-05-23
250,2018-05-22
251,2018-05-23
252,2018-03-27
253,2018-05-23
254,2018-05-23
255,2018-05-23
256,2011-05-24
257,2017-08-28
258,2018-05-24
259,2018-05-24
260,2018-05-24
261,2017-09-06
262,2017-03-12
263,2018-05-24
264,2018-05-24
265,2017-09-29
266,2016-12-04
267,2018-05-24
268,2018-05-24
269,2018-05-24
270,2016-06-21
271,2018-05-02
272,2018-05-24
273,2017-08-07
274,2018-05-24
275,2009-04-16
276,2017-06-19
277,2018-05-24
278,2014-03-12
279,2018-05-24
280,2018-03-12
281,2014-12-07
282,2018-05-23
283,2018-05-24
284,2018-04-04
285,2017-08-09
286,2018-05-25
287,2018-05-25
288,2018-05-25
289,2018-05-25
290,2016-12-04
291,2012-04-27
292,2016-06-21
293,2018-01-22
294,2018-05-22
295,2018-05-25
296,2018-05-25
297,2018-05-25
298,2018-05-13
299,2016-07-05
300,2018-03-26
301,2018-05-16
302,2013-03-18
303,2017-05-26
304,2013-06-11
305,2017-03-17
306,2017-12-08
307,2018-05-26
308,2012-05-18
309,2017-11-23
310,2017-12-09
311,2018-05-26
312,2018-05-26
313,2018-05-26
314,2018-02-14
315,2018-05-25
316,2018-05-25
317,2018-05-26
318,2018-05-26
319,2012-02-06
320,2018-05-17
321,2017-11-21
322,2014-11-04
323,2014-08-03
324,2016-12-18
325,2016-01-17
326,2017-06-12
327,2018-05-27
328,2018-05-10
329,2017-12-02
330,2018-03-30
331,2017-02-04
332,2018-05-27
333,2017-03-07
334,2018-05-28
335,2018-05-28
336,2016-05-27
337,2018-05-28
338,2018-05-22
339,2017-04-25
340,2018-05-28
341,2018-05-28
342,2016-04-20
343,2018-04-20
344,2013-07-18
345,2018-05-28
346,2015-12-09
347,2012-09-04
348,2018-05-28
349,2018-05-29
350,2018-05-18
351,2013-05-30
352,2013-10-23
353,2017-08-05
354,2016-12-14
355,2018-05-29
356,2018-04-25
357,2018-04-23
358,2017-02-01
359,2017-11-23
360,2018-03-21
361,2018-05-29
362,2016-12-04
363,2018-05-29
364,2016-01-06
365,2018-05-28
366,2018-05-29
367,2017-02-10
368,2016-04-06
369,2018-05-29
370,2018-05-11
371,2018-05-29
372,2016-09-04
373,2018-05-30
374,2018-05-30
375,2018-05-30
376,2018-05-04
377,2014-11-04
378,2018-03-29
379,2018-05-30
380,2018-04-07
381,2018-05-30
382,2015-08-06
383,2018-05-29
384,2018-05-29
385,2017-02-20
386,2012-01-05
387,2018-05-30
388,2018-05-30
389,2017-02-27
390,2018-05-30
391,2018-05-30
392,2017-02-20
393,2018-02-05
394,2018-04-26
395,2018-05-29
396,2014-02-12
397,2016-04-07
398,2018-05-30
399,2016-12-15
400,2018-05-30
401,2018-05-28
402,2018-05-30
403,2018-05-31
404,2018-05-30
405,2018-04-07
406,2018-05-31
407,2013-12-11
408,2018-05-30
409,2018-05-31
410,2018-05-31
411,2018-05-31
412,2013-06-19
413,2018-05-31
414,2018-05-31
415,2018-05-28
416,2018-05-31
417,2014-07-01
418,2018-05-31
419,2018-05-31
420,2018-05-31
421,2017-08-31
422,2018-05-15
423,2018-05-31
424,2018-05-31
425,2018-05-31
426,2018-02-03
427,2017-05-17
428,2018-05-30
429,2018-05-30
430,2018-05-31
431,2016-12-20
432,2016-12-04
433,2018-05-31
434,2018-05-30
435,2018-03-14
436,2018-06-01
437,2017-02-20
438,2018-06-01
439,2018-06-01
440,2018-05-13
441,2017-08-27
442,2018-06-01
443,2015-10-05
444,2016-10-11
445,2016-04-27
446,2018-03-18
447,2018-05-03
448,2017-06-12
449,2018-06-01
450,2018-05-30
451,2018-06-01
452,2018-06-01
453,2018-06-01
454,2018-06-01
455,2016-07-06
456,2018-06-01
457,2016-08-02
458,2018-06-01
459,2018-06-01
460,2018-02-21
461,2015-12-06
462,2018-01-24
463,2016-08-19
464,2018-06-01
465,2018-06-01
466,2018-06-02
467,2018-06-02
468,2016-12-04
469,2018-05-25
470,2018-06-02
471,2008-12-29
472,2018-05-25
473,2017-06-09
474,2018-06-02
475,2016-08-09
476,2018-05-20
477,2018-06-02
478,2018-04-07
479,2012-09-27
480,2017-09-08
481,2018-06-03
482,2018-06-03
483,2018-06-03
484,2018-05-27
485,2018-05-31
486,2018-03-13
487,2018-06-03
488,2017-02-20
489,2016-10-22
490,2018-05-20
491,2018-06-03
492,2018-06-03
493,2011-01-24
494,2015-02-17
495,2009-08-01
496,2017-06-19
497,2015-11-25
498,2018-01-27
499,2018-06-03
500,2016-07-30
501,2018-06-03
502,2018-04-04
503,2017-04-16
504,2018-06-03
505,2015-08-18
506,2018-06-03
507,2018-03-23
508,2018-06-04
509,2014-11-04
510,2015-09-03
511,2017-10-07
512,2017-09-28
513,2018-05-31
514,2018-06-04
515,2017-01-18
516,2018-06-04
517,2018-06-02
518,2017-05-31
519,2017-06-05
520,2018-06-03
521,2018-06-04
522,2018-06-04
523,2018-05-31
524,2017-07-04
525,2018-05-24
526,2018-06-01
527,2016-10-19
528,2018-06-04
529,2018-05-04
530,2018-06-05
531,2018-06-04
532,2018-06-05
533,2018-06-04
534,2018-06-04
535,2016-04-18
536,2018-01-06
537,2018-06-05
538,2018-06-05
539,2018-06-05
540,2016-10-18
541,2017-06-04
542,2018-06-05
543,2010-09-22
544,2018-06-01
545,2018-06-05
546,2016-10-17
547,2017-06-23
548,2010-05-26
549,2018-06-05
550,2018-06-05
551,2018-06-05
552,2018-05-31
553,2018-06-05
554,2018-05-17
555,2018-06-05
556,2017-09-19
557,2018-06-03
558,2018-03-07
559,2018-06-05
560,2017-03-06
561,2018-06-05
562,2017-11-10
563,2018-06-01
564,2011-09-04
565,2018-01-23
566,2017-08-30
567,2017-04-27
568,2018-06-06
569,2011-11-21
570,2018-06-05
571,2017-02-20
572,2018-06-04
573,2018-06-06
574,2014-02-14
575,2018-03-03
576,2018-06-06
577,2017-08-09
578,2017-04-26
579,2018-06-06
580,2017-11-27
581,2014-11-27
582,2018-06-04
583,2018-03-15
584,2018-06-06
585,2015-08-22
586,2018-02-06
587,2018-06-06
588,2017-11-06
589,2018-06-07
590,2018-06-07
591,2018-06-07
592,2015-04-28
593,2014-01-04
594,2018-06-05
595,2017-01-16
596,2017-10-31
597,2018-03-27
598,2018-06-07
599,2017-04-23
600,2018-06-07
601,2014-07-10
602,2018-06-07
603,2018-06-07
604,2018-06-07
605,2018-06-07
606,2018-06-07
607,2018-05-23
608,2016-02-15
609,2018-06-06
610,2018-06-06
611,2018-06-06
612,2016-06-27
613,2018-06-08
614,2017-06-16
615,2016-07-31
616,2018-05-24
617,2018-06-08
618,2017-07-06
619,2013-07-07
620,2018-06-07
621,2018-06-08
622,2016-09-19
623,2016-12-04
624,2018-06-08
625,2018-06-08
626,2016-12-04
627,2016-08-15
628,2018-06-08
629,2014-01-12
630,2018-06-08
631,2018-06-08
632,2018-06-08
633,2016-12-04
634,2018-06-09
635,2014-12-02
636,2018-06-04
637,2018-06-09
638,2018-04-26
639,2018-04-14
640,2018-06-08
641,2014-02-25
642,2018-06-09
643,2018-06-09
644,2018-06-09
645,2018-06-04
646,2018-06-09
647,2016-11-21
648,2017-02-20
649,2018-06-08
650,2018-06-09
651,2018-06-09
652,2018-01-24
653,2017-08-13
654,2018-06-06
655,2017-11-30
656,2018-04-22
657,2018-06-09
658,2018-06-09
659,2018-06-09
660,2018-06-10
661,2018-02-01
662,2018-06-09
663,2018-06-10
664,2018-06-10
665,2018-06-10
666,2017-07-26
667,2018-06-09
668,2018-04-24
669,2018-06-10
670,2009-03-11
671,2018-06-10
672,2018-06-10
673,2018-05-08
674,2017-10-21
675,2018-05-14
676,2018-06-11
677,2018-06-11
678,2016-07-06
679,2018-05-22
680,2016-12-20
681,2018-06-11
682,2014-12-29
683,2018-06-10
684,2018-06-11
685,2018-06-11
686,2015-10-12
687,2017-06-08
688,2018-06-11
689,2018-06-11
690,2018-02-18
691,2018-06-11
692,2016-12-04
693,2018-06-12
694,2018-06-12
695,2018-01-18
696,2018-06-12
697,2018-06-07
698,2018-06-12
699,2018-02-08
700,2017-04-17
701,2014-11-04
702,2018-06-12
703,2017-12-06
704,2018-02-01
705,2018-06-12
706,2018-06-12
707,2013-10-04
708,2018-06-13
709,2018-06-13
710,2018-06-07
711,2018-06-13
712,2018-06-12
713,2016-10-05
714,2018-06-13
715,2018-06-13
716,2015-05-18
717,2018-06-13
718,2016-09-12
719,2018-06-07
720,2012-05-21
721,2018-06-13
722,2018-05-19
723,2018-06-13
724,2018-02-21
725,2018-06-13
726,2018-06-13
727,2018-06-13
728,2018-06-13
729,2016-06-07
730,2016-02-02
731,2015-02-21
732,2015-09-18
733,2014-11-04
734,2014-10-14
735,2018-06-14
736,2018-06-14
737,2018-06-01
738,2018-06-14
739,2018-06-14
740,2018-06-14
741,2018-05-28
742,2018-06-13
743,2018-06-03
744,2018-06-14
745,2013-11-03
746,2017-11-03
747,2018-06-14
748,2018-02-23
749,2018-02-13
750,2018-06-14
751,2017-07-18
752,2018-06-14
753,2015-02-16
754,2014-03-06
755,2018-06-15
756,2018-06-15
757,2018-06-15
758,2018-06-03
759,2018-04-24
760,2016-08-29
761,2018-06-13
762,2018-06-15
763,2018-06-15
764,2016-01-12
765,2015-03-02
766,2018-06-15
767,2018-06-06
768,2018-06-10
769,2017-06-20
770,2018-06-16
771,2018-06-16
772,2018-05-31
773,2017-03-06
774,2017-05-23
775,2018-06-13
776,2015-05-10
777,2016-05-19
778,2016-02-09
779,2014-01-04
780,2018-06-16
781,2018-04-03
782,2018-01-28
783,2018-06-16
784,2017-11-21
785,2018-06-16
786,2018-03-16
787,2018-06-15
788,2018-06-16
789,2018-06-16
790,2018-06-17
791,2018-06-17
792,2018-06-17
793,2012-07-23
794,2017-12-12
795,2018-06-17
796,2017-04-10
797,2018-06-17
798,2017-03-16
799,2017-09-29
800,2018-02-15
801,2015-09-24
802,2018-06-18
803,2016-12-21
804,2018-06-18
805,2018-06-18
806,2017-12-12
807,2018-06-18
808,2017-10-22
809,2013-09-01
810,2018-06-19
811,2018-06-19
812,2018-06-19
813,2018-06-19
814,2013-12-27
815,2018-06-19
816,2018-06-11
817,2018-06-19
818,2011-07-31
819,2016-01-09
820,2013-10-02
821,2011-08-19
822,2017-10-08
823,2018-06-19
824,2018-06-15
825,2018-06-19
826,2018-03-13
827,2018-06-20
828,2018-03-20
829,2015-06-12
830,2018-06-17
831,2018-06-20
832,2018-06-19
833,2017-08-17
834,2017-06-16
835,2016-12-04
836,2018-06-19
837,2018-05-24
838,2011-02-24
839,2018-06-20
840,2018-06-20
841,2018-06-20
842,2016-05-18
843,2015-09-16
844,2017-07-29
845,2018-06-20
846,2017-12-03
847,2018-06-20
848,2016-12-03
849,2016-10-02
850,2016-12-04
851,2018-06-21
852,2017-04-07
853,2018-06-21
854,2018-06-21
855,2017-05-22
856,2018-06-21
857,2016-02-16
858,2017-09-21
859,2018-06-09
860,2018-06-21
861,2018-06-21
862,2016-06-23
863,2018-06-20
864,2018-04-04
865,2018-03-08
866,2018-06-21
867,2017-07-16
868,2018-06-22
869,2018-06-22
870,2018-06-22
871,2018-06-22
872,2016-01-27
873,2015-07-23
874,2018-06-01
875,2018-06-22
876,2018-03-13
877,2018-01-31
878,2017-08-24
879,2015-07-08
880,2018-03-20
881,2017-01-30
882,2016-12-04
883,2018-06-22
884,2018-06-22
885,2018-06-22
886,2012-03-06
887,2016-08-30
888,2018-06-22
889,2018-06-22
890,2017-08-13
891,2018-06-18
892,2018-06-23
893,2018-06-23
894,2018-06-18
895,2018-06-23
896,2018-06-23
897,2018-05-08
898,2016-12-04
899,2012-06-13
900,2015-07-12
901,2018-06-23
902,2016-12-04
903,2017-10-04
904,2018-06-23
905,2018-03-18
906,2018-06-19
907,2016-06-18
908,2017-04-23
909,2018-06-24
910,2018-06-24
911,2013-06-27
912,2018-06-24
913,2018-06-18
914,2018-06-24
915,2018-06-24
916,2018-06-24
917,2017-04-12
918,2018-06-24
919,2018-06-24
920,2018-06-24
921,2016-03-12
922,2014-11-04
923,2016-10-17
924,2018-06-25
925,2018-06-25
926,2018-04-16
927,2018-06-11
928,2018-06-25
929,2018-06-25
930,2018-06-24
931,2018-06-21
932,2018-06-25
933,2017-04-19
934,2018-06-25
935,2018-06-25
936,2018-06-25
937,2015-06-15
938,2017-02-16
939,2018-06-25
940,2018-06-23
941,2017-06-09
942,2018-06-25
943,2017-03-20
944,2018-06-22
945,2016-03-30
946,2018-06-26
947,2018-06-26
948,2016-03-14
949,2018-06-25
950,2018-06-26
951,2018-06-26
952,2016-03-28
953,2018-04-23
954,2018-05-26
955,2018-06-26
956,2018-06-26
957,2017-04-27
958,2018-06-25
959,2018-06-26
960,2017-07-22
961,2014-05-17
962,2017-05-31
963,2018-02-14
964,2018-06-19
965,2018-01-27
966,2016-08-16
967,2018-04-26
968,2018-06-26
969,2018-06-25
970,2018-06-25
971,2015-03-03
972,2010-08-15
973,2016-10-06
974,2018-06-20
975,2018-06-27
976,2018-06-27
977,2011-05-24
978,2018-06-27
979,2018-03-05
980,2018-06-27
981,2018-02-28
982,2016-03-11
983,2012-09-22
984,2017-11-30
985,2018-05-24
986,2015-11-05
987,2018-06-15
988,2016-11-25
989,2018-06-28
990,2015-11-27
991,2018-06-25
992,2018-03-06
993,2018-06-28
994,2018-06-28
995,2018-06-17
996,2018-06-28
997,2018-06-28
998,2018-06-27
999,2016-03-23
1000,2018-06-29
1001,2018-06-29
1002,2018-06-29
1003,2016-01-20
1004,2018-06-28
1005,2017-10-31
1006,2016-06-18
1007,2018-04-02
1008,2018-06-29
1009,2016-03-26
1010,2018-06-08
1011,2018-06-21
1012,2018-02-14
1013,2018-06-29
1014,2017-06-04
1015,2018-06-29
1016,2018-05-21
1017,2018-05-04
1018,2018-06-29
1019,2018-06-26
1020,2018-06-05
1021,2016-11-03
1022,2018-06-05
1023,2017-11-10
1024,2018-06-30
1025,2018-06-30
1026,2018-06-30
1027,2018-06-28
1028,2014-05-13
1029,2014-10-20
1030,2018-06-29
1031,2015-03-23
1032,2018-02-10
1033,2018-06-07
1034,2015-07-21
1035,2012-01-30
1036,2017-01-26
1037,2018-07-01
1038,2007-11-30
1039,2018-07-01
1040,2017-09-03
1041,2018-07-01
1042,2018-07-01
1043,2015-01-15
1044,2017-05-10
1045,2018-07-02
1046,2018-07-02
1047,2018-07-02
1048,2018-02-06
1049,2018-06-29
1050,2018-07-02
1051,2017-11-02
1052,2017-10-30
1053,2018-06-30
1054,2014-03-03
1055,2018-06-30
1056,2018-07-01
1057,2018-07-02
1058,2017-04-12
1059,2017-06-14
1060,2013-04-15
1061,2018-06-29
1062,2018-07-02
1063,2018-07-02
1064,2018-07-02
1065,2018-02-06
1066,2018-07-02
1067,2018-07-01
1068,2018-07-02
1069,2018-03-19
1070,2015-07-05
1071,2018-03-04
1072,2018-07-03
1073,2016-02-26
1074,2014-05-06
1075,2018-07-03
1076,2016-12-04
1077,2018-07-03
1078,2018-07-03
1079,2018-06-19
1080,2016-12-05
1081,2016-04-12
1082,2015-02-10
1083,2018-07-03
1084,2018-07-03
1085,2018-07-03
1086,2018-07-03
1087,2018-06-09
1088,2018-07-04
1089,2014-01-10
1090,2017-10-10
1091,2018-07-03
1092,2018-01-12
1093,2018-07-03
1094,2018-07-03
1095,2018-07-04
1096,2016-07-05
1097,2014-02-07
1098,2018-07-04
1099,2018-07-04
1100,2018-04-11
1101,2018-02-28
1102,2018-07-04
1103,2017-11-18
1104,2018-06-16
1105,2015-09-18
1106,2015-04-21
1107,2017-08-16
1108,2018-06-21
1109,2015-03-01
1110,2017-09-08
1111,2018-07-04
1112,2018-07-05
1113,2018-07-05
1114,2018-06-30
1115,2018-01-18
1116,2018-05-26
1117,2018-06-10
1118,2011-10-31
1119,2018-05-31
1120,2018-07-04
1121,2018-07-05
1122,2018-07-05
1123,2016-01-28
1124,2017-12-01
1125,2018-07-04
1126,2018-07-05
1127,2018-07-05
1128,2017-07-06
1129,2018-07-05
1130,2016-03-08
1131,2012-09-20
1132,2014-06-03
1133,2018-07-05
1134,2017-10-26
1135,2018-07-02
1136,2017-02-10
1137,2018-03-13
1138,2018-07-06
1139,2017-01-08
1140,2018-07-06
1141,2018-07-06
1142,2018-04-09
1143,2013-07-22
1144,2018-01-26
1145,2018-06-23
1146,2018-07-06
1147,2018-06-27
1148,2018-07-07
1149,2017-03-26
1150,2015-11-12
1151,2018-02-28
1152,2018-07-07
1153,2018-03-17
1154,2018-02-26
1155,2018-05-25
1156,2018-07-07
1157,2018-04-16
1158,2017-10-08
1159,2018-07-08
1160,2016-12-04
1161,2017-11-13
1162,2018-03-26
1163,2017-06-23
1164,2018-07-06
1165,2018-07-08
1166,2012-01-21
1167,2018-07-06
1168,2013-01-17
1169,2018-03-03
1170,2018-01-11
1171,2009-04-20
1172,2018-07-09
1173,2018-07-09
1174,2018-07-09
1175,2018-05-04
1176,2018-06-27
1177,2013-06-06
1178,2018-07-09
1179,2018-06-06
1180,2018-07-09
1181,2018-07-05
1182,2015-11-23
1183,2013-01-07
1184,2018-02-06
1185,2016-10-03
1186,2018-07-09
1187,2017-08-16
1188,2018-01-16
1189,2018-07-09
1190,2018-07-10
1191,2015-02-11
1192,2016-12-18
1193,2018-07-10
1194,2018-07-10
1195,2018-07-09
1196,2017-06-22
1197,2014-02-27
1198,2018-03-04
1199,2018-07-10
1200,2018-07-10
1201,2018-07-10
1202,2016-06-14
1203,2018-07-10
1204,2018-06-18
1205,2018-07-10
1206,2017-03-23
1207,2015-03-03
1208,2018-07-10
1209,2018-06-25
1210,2018-07-10
1211,2018-07-10
1212,2015-08-27
1213,2017-03-06
1214,2018-07-11
1215,2018-07-11
1216,2018-07-11
1217,2015-05-07
1218,2018-07-11
1219,2018-07-11
1220,2017-02-20
1221,2018-07-11
1222,2018-07-11
1223,2018-06-18
1224,2017-02-08
1225,2018-07-11
1226,2018-07-11
1227,2018-07-11
1228,2018-07-11
1229,2017-02-20
1230,2018-06-08
1231,2018-07-11
1232,2018-07-12
1233,2018-07-09
1234,2018-07-11
1235,2018-07-12
1236,2018-07-09
1237,2018-07-12
1238,2018-03-29
1239,2017-07-26
1240,2017-11-09
1241,2010-04-26
1242,2018-07-12
1243,2017-05-18
1244,2018-07-12
1245,2018-02-20
1246,2018-07-07
1247,2018-02-02
1248,2018-07-05
1249,2018-07-12
1250,2018-07-12
1251,2018-07-12
1252,2018-07-12
1253,2018-01-05
1254,2015-06-24
1255,2016-03-09
1256,2018-07-13
1257,2010-05-04
1258,2018-06-26
1259,2018-07-13
1260,2013-03-23
1261,2016-01-09
1262,2018-06-22
1263,2018-07-13
1264,2018-07-13
1265,2018-07-13
1266,2016-11-03
1267,2018-04-17
1268,2018-07-13
1269,2018-07-10
1270,2015-12-27
1271,2018-07-13
1272,2018-04-03
1273,2018-07-13
1274,2016-08-08
1275,2018-03-25
1276,2018-01-20
1277,2018-07-04
1278,2018-07-14
1279,2017-03-23
1280,2018-05-21
1281,2009-10-28
1282,2017-01-29
1283,2018-07-14
1284,2018-04-17
1285,2018-04-06
1286,2018-07-14
1287,2018-07-14
1288,2018-07-06
1289,2018-07-14
1290,2018-07-15
1291,2015-01-19
1292,2017-05-25
1293,2018-05-21
1294,2015-10-16
1295,2018-06-23
1296,2013-05-13
1297,2018-07-15
1298,2017-05-04
1299,2018-07-15
1300,2018-07-15
1301,2018-07-16
1302,2018-07-16
1303,2013-07-15
1304,2014-10-03
1305,2018-06-28
1306,2018-07-15
1307,2017-01-02
1308,2017-07-30
1309,2018-06-26
1310,2016-02-08
1311,2018-07-16
1312,2018-07-16
1313,2018-07-16
1314,2018-07-16
1315,2018-07-16
1316,2018-07-16
1317,2018-05-08
1318,2015-02-18
1319,2013-11-15
1320,2018-07-17
1321,2018-07-02
1322,2018-07-17
1323,2015-07-28
1324,2018-07-16
1325,2018-07-17
1326,2016-07-16
1327,2018-06-06
1328,2018-04-09
1329,2018-07-17
1330,2017-11-29
1331,2018-05-22
1332,2018-02-08
1333,2018-07-17
1334,2010-11-26
1335,2018-07-10
1336,2018-06-30
1337,2018-07-17
1338,2018-07-05
1339,2016-09-06
1340,2018-07-17
1341,2018-01-12
1342,2018-07-18
1343,2018-07-17
1344,2018-07-18
1345,2011-08-11
1346,2017-06-15
1347,2011-11-13
1348,2018-07-18
1349,2011-05-22
1350,2018-07-18
1351,2016-07-19
1352,2018-07-18
1353,2018-07-18
1354,2017-09-14
1355,2017-07-15
1356,2016-04-25
1357,2017-02-20
1358,2018-07-18
1359,2018-07-18
1360,2018-05-20
1361,2014-04-01
1362,2018-07-19
1363,2018-05-16
1364,2018-07-19
1365,2015-01-16
1366,2016-12-02
1367,2017-10-19
1368,2018-07-19
1369,2015-11-03
1370,2018-07-19
1371,2016-01-29
1372,2014-01-24
1373,2018-07-12
1374,2018-07-12
1375,2018-07-18
1376,2018-07-19
1377,2018-07-19
1378,2018-07-19
1379,2018-05-30
1380,2018-07-19
1381,2018-07-10
1382,2018-07-20
1383,2018-07-18
1384,2018-07-18
1385,2018-07-20
1386,2018-07-20
1387,2018-07-19
1388,2018-06-15
1389,2018-07-20
1390,2018-07-19
1391,2018-07-04
1392,2018-07-20
1393,2018-07-14
1394,2018-07-21
1395,2018-07-20
1396,2017-09-08
1397,2018-07-21
1398,2018-06-23
1399,2018-07-18
1400,2018-07-04
1401,2017-11-09
1402,2018-07-21
1403,2018-07-21
1404,2018-07-20
1405,2018-07-21
1406,2018-07-21
1407,2018-07-22
1408,2016-05-12
1409,2016-01-12
1410,2018-07-22
1411,2013-09-10
1412,2018-03-26
1413,2016-12-04
1414,2018-07-22
1415,2016-12-04
1416,2018-07-19
1417,2018-05-02
1418,2018-07-22
1419,2018-07-09
1420,2017-12-07
1421,2018-01-04
1422,2018-07-22
1423,2017-12-16
1424,2018-05-06
1425,2017-11-15
1426,2017-03-12
1427,2013-10-02
1428,2018-07-23
1429,2018-06-06
1430,2018-07-23
1431,2018-06-13
1432,2018-07-23
1433,2014-07-01
1434,2018-07-23
1435,2018-07-23
1436,2018-07-23
1437,2018-07-23
1438,2018-07-23
1439,2018-07-23
1440,2018-07-23
1441,2015-11-15
1442,2018-07-24
1443,2018-07-24
1444,2018-07-24
1445,2017-03-22
1446,2018-07-24
1447,2018-06-02
1448,2018-02-01
1449,2018-07-24
1450,2017-02-12
1451,2015-10-12
1452,2018-07-24
1453,2018-07-13
1454,2018-07-22
1455,2014-11-26
1456,2015-11-23
1457,2018-07-24
1458,2018-07-24
1459,2018-07-17
1460,2012-11-01
1461,2013-10-15
1462,2018-07-13
1463,2017-09-13
1464,2018-07-25
1465,2016-03-05
1466,2014-02-04
1467,2018-07-17
1468,2018-05-04
1469,2018-07-17
1470,2016-09-07
1471,2018-07-25
1472,2018-07-25
1473,2018-07-25
1474,2018-07-24
1475,2018-07-25
1476,2018-07-25
1477,2018-07-12
1478,2017-08-11
1479,2012-09-06
1480,2018-07-25
1481,2018-07-25
1482,2018-07-10
1483,2015-05-02
1484,2015-10-16
1485,2018-03-26
1486,2017-04-10
1487,2018-07-25
1488,2016-02-03
1489,2016-10-05
1490,2013-11-27
1491,2018-07-25
1492,2018-07-26
1493,2018-07-24
1494,2018-07-25
1495,2017-12-25
1496,2018-04-22
1497,2018-07-26
1498,2015-12-18
1499,2018-05-14
1500,2018-07-16
1501,2017-10-19
1502,2015-03-23
1503,2018-07-25
1504,2018-07-27
1505,2018-07-27
1506,2018-06-30
1507,2017-02-20
1508,2018-07-27
1509,2017-08-15
1510,2016-09-18
1511,2018-07-27
1512,2018-07-27
1513,2018-07-25
1514,2018-06-21
1515,2017-09-17
1516,2016-04-11
1517,2017-09-19
1518,2018-07-28
1519,2016-03-16
1520,2017-06-06
1521,2018-07-27
1522,2018-07-28
1523,2016-05-16
1524,2018-07-28
1525,2018-05-12
1526,2018-07-25
1527,2018-07-28
1528,2018-07-28
1529,2014-12-24
1530,2018-07-28
1531,2018-07-26
1532,2017-05-26
1533,2016-06-09
1534,2018-07-29
1535,2017-08-18
1536,2018-07-29
1537,2018-07-25
1538,2018-07-29
1539,2018-07-29
1540,2018-07-29
1541,2018-07-30
1542,2018-07-30
1543,2012-04-29
1544,2018-03-27
1545,2016-12-04
1546,2018-07-30
1547,2018-07-30
1548,2013-08-30
1549,2018-07-30
1550,2018-07-26
1551,2018-07-30
1552,2018-01-07
1553,2018-07-30
1554,2018-07-30
1555,2012-02-09
1556,2018-07-30
1557,2018-07-26
1558,2018-02-24
1559,2018-02-12
1560,2018-07-30
1561,2018-07-31
1562,2018-07-30
1563,2018-06-08
1564,2018-07-31
1565,2018-07-25
1566,2018-07-31
1567,2018-07-31
1568,2018-07-31
1569,2018-07-31
1570,2018-07-31
1571,2018-07-30
1572,2018-08-01
1573,2011-10-24
1574,2017-02-02
1575,2017-09-18
1576,2018-08-01
1577,2018-08-01
1578,2014-10-17
1579,2018-08-01
1580,2018-08-01
1581,2018-08-01
1582,2018-08-01
1583,2018-08-01
1584,2018-08-01
1585,2018-08-01
1586,2018-08-01
1587,2018-08-01
1588,2009-05-13
1589,2018-08-01
1590,2015-07-25
1591,2018-04-11
1592,2018-03-14
1593,2014-03-04
1594,2013-08-04
1595,2018-08-01
1596,2018-02-15
1597,2018-07-31
1598,2018-06-15
1599,2018-08-02
1600,2018-08-02
1601,2018-08-01
1602,2017-10-14
1603,2016-12-04
1604,2018-08-02
1605,2016-02-13
1606,2018-08-02
1607,2018-08-02
1608,2018-08-02
1609,2014-11-04
1610,2018-01-19
1611,2018-08-03
1612,2017-10-14
1613,2016-02-29
1614,2018-07-26
1615,2017-01-22
1616,2016-06-07
1617,2018-08-03
1618,2018-01-03
1619,2017-11-30
1620,2016-11-26
1621,2016-11-24
1622,2018-08-03
1623,2018-08-03
1624,2017-09-10
1625,2018-08-03
1626,2018-08-03
1627,2018-08-04
1628,2015-02-24
1629,2013-02-15
1630,2017-11-07
1631,2018-08-04
1632,2018-08-05
1633,2017-06-23
1634,2018-08-05
1635,2016-09-13
1636,2017-06-04
1637,2017-08-21
1638,2018-08-03
1639,2018-08-05
1640,2018-08-03
1641,2016-12-03
1642,2018-08-05
1643,2018-08-05
1644,2018-08-05
1645,2017-12-05
1646,2018-08-05
1647,2018-08-05
1648,2018-08-06
1649,2017-09-07
1650,2016-11-19
1651,2016-12-04
1652,2018-01-30
1653,2018-08-04
1654,2014-10-21
1655,2018-08-06
1656,2016-09-20
1657,2018-08-06
1658,2018-07-02
1659,2018-08-06
1660,2015-02-05
1661,2018-08-01
1662,2018-08-07
1663,2017-01-06
1664,2016-12-30
1665,2018-08-04
1666,2018-08-07
1667,2018-04-12
1668,2018-08-04
1669,2018-05-25
1670,2018-08-03
1671,2018-08-07
1672,2017-08-15
1673,2016-01-09
1674,2016-09-22
1675,2018-06-30
1676,2018-08-07
1677,2018-08-07
1678,2015-03-08
1679,2017-06-04
1680,2018-06-04
1681,2018-07-15
1682,2018-08-07
1683,2018-08-08
1684,2018-08-08
1685,2018-08-08
1686,2018-02-01
1687,2018-08-08
1688,2018-08-06
1689,2011-07-25
1690,2018-08-08
1691,2018-08-08
1692,2018-02-05
1693,2018-08-09
1694,2018-08-09
1695,2018-08-09
1696,2018-08-09
1697,2018-08-09
1698,2016-12-07
1699,2018-06-28
1700,2018-03-07
1701,2018-07-29
1702,2018-05-03
1703,2018-08-09
1704,2015-05-28
1705,2018-08-09
1706,2018-03-14
1707,2017-06-30
1708,2016-07-02
1709,2016-08-30
1710,2016-03-10
1711,2018-04-03
1712,2016-06-06
1713,2016-10-29
1714,2017-02-17
1715,2013-05-28
1716,2018-07-05
1717,2017-08-01
1718,2018-03-01
1719,2018-08-09
1720,2012-03-07
1721,2016-05-25
1722,2014-11-04
1723,2018-08-11
1724,2018-08-11
1725,2018-08-10
1726,2018-01-24
1727,2018-08-11
1728,2018-08-11
1729,2018-08-11
1730,2015-08-19
1731,2015-08-13
1732,2018-08-12
1733,2018-08-09
1734,2018-08-12
1735,2018-08-12
1736,2018-04-11
1737,2017-04-06
1738,2018-08-12
1739,2018-07-19
1740,2018-08-08
1741,2018-08-13
1742,2011-11-04
1743,2018-06-16
1744,2018-07-03
1745,2018-08-13
1746,2017-03-13
1747,2018-08-13
1748,2018-08-13
1749,2017-01-26
1750,2016-08-04
1751,2018-08-13
1752,2017-09-11
1753,2018-08-13
1754,2018-08-14
1755,2018-08-14
1756,2016-03-25
1757,2018-01-11
1758,2018-08-14
1759,2018-08-14
1760,2017-06-07
1761,2017-05-11
1762,2018-08-14
1763,2018-08-14
1764,2017-12-04
1765,2018-08-14
1766,2017-02-02
1767,2018-06-06
1768,2018-08-14
1769,2018-08-13
1770,2018-08-14
1771,2018-08-09
1772,2018-08-14
1773,2018-01-31
1774,2018-06-22
1775,2018-08-15
1776,2018-08-15
1777,2018-08-15
1778,2018-08-15
1779,2018-07-31
1780,2018-08-15
1781,2016-08-14
1782,2007-12-10
1783,2018-08-15
1784,2018-08-16
1785,2017-08-22
1786,2018-08-16
1787,2018-08-16
1788,2015-10-12
1789,2016-12-04
1790,2018-05-27
1791,2018-06-20
1792,2018-08-16
1793,2016-09-22
1794,2018-08-16
1795,2018-08-16
1796,2018-08-16
1797,2013-06-12
1798,2015-07-28
1799,2018-08-16
1800,2017-11-03
1801,2018-02-18
1802,2018-08-17
1803,2016-12-04
1804,2017-12-01
1805,2016-04-27
1806,2015-11-04
1807,2014-11-04
1808,2015-01-05
1809,2018-08-17
1810,2016-08-18
1811,2018-08-14
1812,2018-08-17
1813,2018-08-17
1814,2018-08-10
1815,2018-08-17
1816,2018-01-21
1817,2018-08-18
1818,2017-08-11
1819,2018-08-17
1820,2018-08-18
1821,2018-08-18
1822,2017-08-01
1823,2018-08-18
1824,2018-08-13
1825,2018-08-18
1826,2018-08-18
1827,2018-07-02
1828,2018-02-17
1829,2015-03-02
1830,2018-08-19
1831,2018-08-19
1832,2018-08-09
1833,2018-08-19
1834,2017-07-24
1835,2015-06-03
1836,2018-08-19
1837,2018-08-19
1838,2018-08-19
1839,2017-08-05
1840,2016-11-30
1841,2018-08-20
1842,2018-01-12
1843,2015-04-30
1844,2016-11-27
1845,2018-08-21
1846,2014-11-04
1847,2018-08-21
1848,2018-08-21
1849,2018-08-21
1850,2016-05-05
1851,2015-11-05
1852,2015-10-10
1853,2018-06-21
1854,2017-10-14
1855,2016-07-12
1856,2012-03-13
1857,2018-08-21
1858,2018-08-21
1859,2018-04-04
1860,2017-01-20
1861,2018-08-17
1862,2018-04-02
1863,2018-08-21
1864,2016-09-19
1865,2013-07-23
1866,2018-08-20
1867,2018-08-21
1868,2017-03-14
1869,2018-07-05
1870,2018-08-22
1871,2018-08-22
1872,2013-03-22
1873,2018-08-21
1874,2013-02-24
1875,2018-02-14
1876,2011-07-26
1877,2017-08-08
1878,2016-07-05
1879,2018-03-10
1880,2018-08-22
1881,2018-08-23
1882,2014-05-09
1883,2017-09-10
1884,2018-08-23
1885,2018-08-23
1886,2014-02-17
1887,2017-11-01
1888,2016-09-22
1889,2017-10-15
1890,2018-08-22
1891,2018-08-15
1892,2015-02-19
1893,2018-08-23
1894,2017-02-20
1895,2016-03-16
1896,2011-08-25
1897,2018-08-18
1898,2018-08-24
1899,2017-07-01
1900,2018-08-24
1901,2017-03-28
1902,2018-08-24
1903,2018-08-24
1904,2014-11-04
1905,2018-08-24
1906,2018-02-11
1907,2014-12-01
1908,2018-08-24
1909,2018-08-22
1910,2018-08-07
1911,2018-08-02
1912,2018-07-24
1913,2016-02-04
1914,2017-04-02
1915,2017-12-05
1916,2018-05-25
1917,2015-07-09
1918,2016-01-02
1919,2018-08-23
1920,2018-08-14
1921,2014-05-01
1922,2017-12-05
1923,2016-02-19
1924,2018-08-25
1925,2018-03-30
1926,2018-08-25
1927,2018-08-25
1928,2016-12-04
1929,2014-03-28
1930,2018-03-09
1931,2018-08-25
1932,2018-07-28
1933,2018-08-25
1934,2018-08-25
1935,2018-08-25
1936,2018-08-26
1937,2018-08-25
1938,2016-09-17
1939,2016-06-26
1940,2016-03-24
1941,2017-06-14
1942,2017-03-15
1943,2018-08-16
1944,2018-08-26
1945,2018-08-26
1946,2018-08-26
1947,2018-08-26
1948,2018-08-26
1949,2018-08-23
1950,2018-01-23
1951,2015-01-07
1952,2018-07-27
1953,2018-07-23
1954,2018-08-27
1955,2016-12-04
1956,2016-06-18
1957,2014-11-04
1958,2017-01-31
1959,2018-08-27
1960,2018-06-02
1961,2018-08-27
1962,2014-11-04
1963,2018-08-26
1964,2018-08-28
1965,2016-11-16
1966,2014-04-01
1967,2015-09-25
1968,2018-08-28
1969,2018-08-28
1970,2017-09-01
1971,2018-08-28
1972,2018-06-06
1973,2017-09-14
1974,2018-08-28
1975,2018-08-28
1976,2018-08-24
1977,2015-03-17
1978,2018-08-28
1979,2018-08-10
1980,2018-08-29
1981,2018-08-29
1982,2016-01-26
1983,2018-08-15
1984,2018-08-29
1985,2018-08-29
1986,2018-08-28
1987,2018-08-06
1988,2018-08-29
1989,2018-08-29
1990,2016-10-09
1991,2018-08-29
1992,2017-09-29
1993,2016-01-31
1994,2018-08-29
1995,2018-08-30
1996,2018-08-30
1997,2013-09-11
1998,2014-08-04
1999,2018-08-30
2000,2018-08-30
2001,2017-11-27
2002,2018-08-30
2003,2018-08-30
2004,2018-08-10
2005,2015-06-20
2006,2017-06-14
2007,2016-12-08
2008,2018-08-29
2009,2018-08-31
2010,2018-08-29
2011,2018-05-27
2012,2016-09-05
2013,2018-08-28
2014,2017-02-16
2015,2018-08-31
2016,2018-08-29
2017,2018-07-18
2018,2018-08-31
2019,2016-04-04
2020,2018-08-31
2021,2018-08-31
2022,2012-12-10
2023,2017-12-26
2024,2013-09-03
2025,2018-08-22
2026,2018-08-31
2027,2018-08-31
2028,2018-05-25
2029,2013-10-08
2030,2018-09-01
2031,2018-08-05
2032,2015-06-29
2033,2018-09-01
2034,2018-01-30
2035,2015-09-07
2036,2016-02-02
2037,2018-09-01
2038,2018-08-10
2039,2018-09-01
2040,2018-09-01
2041,2018-09-02
2042,2018-09-02
2043,2018-09-02
2044,2012-06-03
2045,2017-10-24
2046,2015-09-23
2047,2018-02-25
2048,2015-09-19
2049,2016-12-04
2050,2018-09-02
2051,2018-09-03
2052,2018-09-03
2053,2016-02-15
2054,2018-09-03
2055,2018-09-03
2056,2018-09-03
2057,2017-09-19
2058,2012-11-27
2059,2018-09-03
2060,2010-12-22
2061,2018-09-03
2062,2017-06-24
2063,2017-12-25
2064,2018-08-23
2065,2018-08-24
2066,2017-03-13
2067,2016-05-26
2068,2018-09-03
2069,2018-05-05
2070,2018-09-04
2071,2018-05-09
2072,2013-05-18
2073,2018-09-04
2074,2011-09-16
2075,2018-07-15
2076,2018-09-04
2077,2018-09-04
2078,2018-08-15
2079,2018-09-04
2080,2018-09-04
2081,2015-06-03
2082,2014-05-20
2083,2017-01-29
2084,2018-09-05
2085,2016-06-02
2086,2018-07-28
2087,2016-12-04
2088,2018-09-04
2089,2018-09-05
2090,2018-09-01
2091,2018-09-05
2092,2018-08-30
2093,2018-09-05
2094,2016-06-30
2095,2018-09-05
2096,2018-09-05
2097,2018-08-28
2098,2017-06-12
2099,2018-09-03
2100,2018-09-05
2101,2018-09-06
2102,2018-09-05
2103,2018-09-06
2104,2018-09-06
2105,2018-03-30
2106,2018-02-27
2107,2008-09-28
2108,2016-12-04
2109,2015-07-15
2110,2018-09-06
2111,2018-09-02
2112,2017-02-20
2113,2018-09-06
2114,2017-09-20
2115,2018-09-07
2116,2018-09-07
2117,2018-09-07
2118,2018-09-07
2119,2016-09-01
2120,2017-12-12
2121,2018-09-08
2122,2018-09-08
2123,2012-03-13
2124,2016-12-04
2125,2018-04-15
2126,2013-10-20
2127,2018-09-06
2128,2014-11-08
2129,2016-04-21
2130,2018-01-21
2131,2016-09-17
2132,2018-09-08
2133,2018-09-09
2134,2018-08-01
2135,2018-09-09
2136,2010-12-01
2137,2018-09-08
2138,2018-09-10
2139,2018-09-10
2140,2018-09-10
2141,2018-09-10
2142,2018-08-23
2143,2015-09-05
2144,2018-09-10
2145,2018-09-10
2146,2013-03-22
2147,2018-09-10
2148,2018-09-10
2149,2018-09-10
2150,2017-06-20
2151,2018-09-11
2152,2016-04-14
2153,2017-11-07
2154,2018-09-11
2155,2018-09-10
2156,2018-03-27
2157,2018-09-10
2158,2018-02-03
2159,2018-09-11
2160,2018-09-10
2161,2018-09-04
2162,2018-09-10
2163,2018-09-11
2164,2016-12-04
2165,2018-09-11
2166,2018-09-01
2167,2017-06-20
2168,2018-09-11
2169,2018-09-11
2170,2018-09-12
2171,2018-09-11
2172,2018-09-11
2173,2018-09-09
2174,2016-08-28
2175,2018-09-11
2176,2018-03-28
2177,2018-09-12
2178,2018-09-07
2179,2017-01-06
2180,2013-10-05
2181,2018-08-27
2182,2018-09-13
2183,2018-09-13
2184,2018-09-13
2185,2017-11-25
2186,2018-07-11
2187,2018-09-13
2188,2018-03-29
2189,2015-02-09
2190,2016-11-07
2191,2018-09-13
2192,2018-02-18
2193,2016-07-17
2194,2018-09-13
2195,2017-11-08
2196,2018-09-13
2197,2018-09-09
2198,2018-09-14
2199,2018-05-29
2200,2016-07-18
2201,2018-06-08
2202,2018-08-21
2203,2017-03-27
2204,2014-08-26
2205,2016-01-31
2206,2017-02-20
2207,2018-09-15
2208,2009-04-22
2209,2013-10-03
2210,2016-07-12
2211,2018-09-13
2212,2016-02-06
2213,2018-09-13
2214,2016-02-28
2215,2015-05-17
2216,2016-04-20
2217,2018-09-16
2218,2018-09-16
2219,2018-09-16
2220,2018-09-16
2221,2018-09-16
2222,2018-03-21
2223,2015-04-25
2224,2016-12-17
2225,2018-08-28
2226,2018-06-22
2227,2018-09-16
2228,2018-09-17
2229,2018-09-17
2230,2015-08-09
2231,2017-06-30
2232,2018-09-17
2233,2018-09-17
2234,2018-09-17
2235,2017-08-14
2236,2018-09-17
2237,2015-11-15
2238,2018-09-17
2239,2018-09-17
2240,2018-09-17
2241,2018-09-18
2242,2018-09-17
2243,2018-09-01
2244,2012-09-21
2245,2016-05-12
2246,2018-09-18
2247,2018-09-09
2248,2018-08-09
2249,2016-06-21
2250,2018-09-18
2251,2018-09-18
2252,2017-11-07
2253,2018-08-09
2254,2018-01-16
2255,2018-09-17
2256,2018-09-06
2257,2017-07-20
2258,2018-09-18
2259,2016-07-22
2260,2018-09-19
2261,2018-09-19
2262,2012-07-24
2263,2018-09-01
2264,2017-06-29
2265,2018-08-07
2266,2018-09-19
2267,2018-09-19
2268,2018-09-19
2269,2018-09-14
2270,2018-08-05
2271,2011-02-24
2272,2018-09-19
2273,2018-09-19
2274,2018-09-19
2275,2018-09-19
2276,2018-09-06
2277,2017-08-23
2278,2018-09-20
2279,2016-05-18
2280,2017-10-18
2281,2018-09-20
2282,2012-10-25
2283,2016-08-25
2284,2018-09-20
2285,2018-09-17
2286,2015-07-09
2287,2018-09-20
2288,2018-09-20
2289,2018-09-20
2290,2018-09-20
2291,2018-09-20
2292,2018-09-20
2293,2018-09-20
2294,2018-09-21
2295,2018-09-20
2296,2018-01-05
2297,2013-04-10
2298,2018-09-21
2299,2018-09-21
2300,2018-09-21
2301,2018-09-21
2302,2018-08-24
2303,2018-09-21
2304,2016-07-17
2305,2017-11-25
2306,2018-09-22
2307,2018-09-18
2308,2018-09-21
2309,2017-01-19
2310,2018-09-03
2311,2017-06-28
2312,2018-09-22
2313,2018-09-22
2314,2018-08-21
2315,2013-10-29
2316,2018-02-18
2317,2017-03-20
2318,2018-09-21
2319,2018-09-23
2320,2016-12-04
2321,2018-09-23
2322,2018-09-24
2323,2018-09-24
2324,2018-09-24
2325,2012-03-13
2326,2018-04-02
2327,2018-09-24
2328,2017-02-20
2329,2018-09-24
2330,2017-11-08
2331,2017-08-01
2332,2017-01-15
2333,2018-09-24
2334,2018-09-24
2335,2018-09-24
2336,2016-03-17
2337,2018-09-24
2338,2016-04-24
2339,2017-05-19
2340,2017-06-11
2341,2018-09-24
2342,2014-11-04
2343,2018-08-22
2344,2018-09-25
2345,2018-08-24
2346,2013-10-03
2347,2018-09-25
2348,2018-09-25
2349,2018-09-25
2350,2016-09-09
2351,2018-09-25
2352,2018-09-25
2353,2018-02-04
2354,2012-05-27
2355,2013-08-22
2356,2018-07-20
2357,2018-07-18
2358,2018-07-29
2359,2017-11-11
2360,2018-09-25
2361,2018-09-26
2362,2018-09-26
2363,2017-09-22
2364,2010-12-21
2365,2018-09-19
2366,2018-09-26
2367,2018-09-26
2368,2018-09-20
2369,2018-09-26
2370,2018-06-29
2371,2017-02-11
2372,2018-09-26
2373,2017-02-10
2374,2017-08-02
2375,2018-09-23
2376,2018-09-27
2377,2014-02-13
2378,2018-03-01
2379,2015-11-19
2380,2018-09-27
2381,2017-11-23
2382,2018-09-26
2383,2016-07-20
2384,2015-10-31
2385,2018-09-27
2386,2018-09-27
2387,2018-09-18
2388,2012-02-21
2389,2016-04-22
2390,2017-03-15
2391,2018-09-28
2392,2018-04-26
2393,2018-08-11
2394,2018-09-26
2395,2014-09-23
2396,2017-12-10
2397,2016-03-23
2398,2018-09-11
2399,2018-09-28
2400,2018-09-27
2401,2018-09-28
2402,2018-09-28
2403,2017-11-14
2404,2016-12-04
2405,2018-09-27
2406,2018-05-22
2407,2017-01-16
2408,2014-02-06
2409,2015-09-23
2410,2017-12-12
2411,2018-08-30
2412,2018-09-29
2413,2018-09-29
2414,2018-08-26
2415,2018-09-29
2416,2018-09-29
2417,2017-07-28
2418,2017-03-16
2419,2018-09-30
2420,2011-08-05
2421,2018-09-30
2422,2016-12-08
2423,2018-06-30
2424,2018-08-02
2425,2017-03-28
2426,2014-08-18
2427,2018-09-30
2428,2015-09-24
2429,2016-08-06
2430,2015-12-11
2431,2018-10-01
2432,2017-07-24
2433,2018-10-01
2434,2018-10-01
2435,2018-04-13
2436,2017-04-12
2437,2017-03-28
2438,2017-01-22
2439,2017-07-21
2440,2018-10-01
2441,2016-12-04
2442,2018-09-13
2443,2018-10-01
2444,2014-11-04
2445,2018-10-01
2446,2018-09-29
2447,2018-10-01
2448,2018-10-01
2449,2013-10-09
2450,2016-08-25
2451,2018-10-02
2452,2018-09-30
2453,2016-12-04
2454,2015-12-09
2455,2018-10-02
2456,2018-10-01
2457,2016-03-25
2458,2016-11-03
2459,2017-09-02
2460,2016-05-30
2461,2018-09-20
2462,2018-01-07
2463,2016-03-28
2464,2014-11-04
2465,2018-10-03
2466,2016-05-29
2467,2018-10-03
2468,2015-02-23
2469,2012-11-07
2470,2018-10-02
2471,2018-10-03
2472,2018-10-03
2473,2018-10-03
2474,2014-06-27
2475,2018-10-03
2476,2017-10-27
2477,2016-02-25
2478,2018-02-27
2479,2018-10-02
2480,2014-11-04
2481,2018-10-03
2482,2018-10-03
2483,2017-11-17
2484,2018-10-04
2485,2018-10-04
2486,2017-08-28
2487,2018-10-03
2488,2018-10-04
2489,2015-08-12
2490,2018-10-04
2491,2018-03-30
2492,2018-09-30
2493,2018-10-04
2494,2018-10-04
2495,2018-10-04
2496,2016-12-04
2497,2014-10-06
2498,2016-12-04
2499,2017-10-19
2500,2018-10-04
2501,2018-06-04
2502,2018-06-19
2503,2016-08-30
2504,2018-10-05
2505,2018-10-05
2506,2018-09-04
2507,2018-09-25
2508,2009-03-26
2509,2013-06-22
2510,2016-12-04
2511,2012-06-20
2512,2012-07-25
2513,2018-10-05
2514,2017-05-17
2515,2011-08-01
2516,2018-10-06
2517,2018-05-10
2518,2018-10-06
2519,2018-10-06
2520,2017-02-08
2521,2018-10-06
2522,2018-10-06
2523,2018-10-05
2524,2018-09-28
2525,2018-10-07
2526,2018-10-07
2527,2015-11-30
2528,2018-10-07
2529,2018-10-05
2530,2018-10-05
2531,2018-10-07
2532,2018-10-07
2533,2018-10-07
2534,2016-01-31
2535,2018-10-07
2536,2018-10-05
2537,2018-10-07
2538,2012-12-08
2539,2018-10-07
2540,2018-10-07
2541,2018-10-07
2542,2018-10-07
2543,2017-10-20
2544,2018-10-08
2545,2017-09-11
2546,2014-09-23
2547,2018-08-09
2548,2018-10-08
2549,2011-05-10
2550,2018-10-08
2551,2017-02-22
2552,2018-10-02
2553,2018-10-08
2554,2012-10-03
2555,2018-05-25
2556,2018-10-08
2557,2018-10-09
2558,2018-10-09
2559,2016-11-30
2560,2015-03-15
2561,2018-08-04
2562,2017-11-08
2563,2018-10-09
2564,2018-10-09
2565,2018-10-09
2566,2018-10-09
2567,2012-09-26
2568,2016-12-14
2569,2016-12-04
2570,2018-10-04
2571,2017-12-20
2572,2012-11-03
2573,2018-09-10
2574,2018-10-08
2575,2018-10-09
2576,2018-09-24
2577,2018-10-09
2578,2018-09-15
2579,2018-10-09
2580,2018-10-09
2581,2018-01-04
2582,2017-10-31
2583,2018-10-01
2584,2017-02-19
2585,2018-10-10
2586,2018-10-08
2587,2018-03-24
2588,2015-11-25
2589,2018-10-10
2590,2015-05-11
2591,2015-09-21
2592,2017-12-24
2593,2018-06-16
2594,2018-10-11
2595,2018-10-11
2596,2016-11-15
2597,2018-10-10
2598,2018-10-11
2599,2017-04-16
2600,2017-12-30
2601,2018-10-11
2602,2018-10-09
2603,2018-10-11
2604,2018-06-16
2605,2015-07-24
2606,2018-07-24
2607,2016-12-01
2608,2018-10-11
2609,2018-10-11
2610,2018-10-11
2611,2017-10-01
2612,2018-10-10
2613,2018-10-12
2614,2011-06-27
2615,2018-09-18
2616,2017-09-24
2617,2018-09-16
2618,2018-10-12
2619,2017-06-20
2620,2016-12-04
2621,2018-10-12
2622,2018-10-12
2623,2016-03-31
2624,2018-10-12
2625,2013-10-01
2626,2018-10-12
2627,2018-10-12
2628,2018-10-13
2629,2018-10-13
2630,2014-11-04
2631,2018-07-27
2632,2018-10-13
2633,2012-10-28
2634,2018-10-10
2635,2018-10-12
2636,2018-10-13
2637,2017-03-18
2638,2018-10-09
2639,2018-10-13
2640,2017-07-17
2641,2018-03-06
2642,2015-09-30
2643,2017-09-19
2644,2011-05-14
2645,2016-01-29
2646,2016-02-03
2647,2018-10-14
2648,2018-10-12
2649,2018-08-11
2650,2016-12-04
2651,2018-10-15
2652,2015-12-23
2653,2018-10-12
2654,2018-10-10
2655,2018-10-15
2656,2015-01-07
2657,2018-10-15
2658,2016-06-01
2659,2018-10-15
2660,2018-10-15
2661,2018-10-13
2662,2017-08-13
2663,2018-10-15
2664,2018-10-15
2665,2015-08-17
2666,2018-10-16
2667,2018-09-27
2668,2016-04-25
2669,2012-03-31
2670,2017-05-05
2671,2018-10-16
2672,2018-10-16
2673,2017-12-04
2674,2017-08-10
2675,2018-10-16
2676,2018-10-16
2677,2018-09-21
2678,2015-02-24
2679,2018-10-10
2680,2018-10-16
2681,2016-04-02
2682,2018-10-17
2683,2018-04-22
2684,2014-07-20
2685,2018-05-21
2686,2018-10-09
2687,2018-10-17
2688,2015-02-27
2689,2018-02-02
2690,2014-06-19
2691,2018-10-17
2692,2018-10-12
2693,2018-10-17
2694,2018-03-21
2695,2018-10-18
2696,2018-10-18
2697,2017-12-14
2698,2016-03-18
2699,2018-10-17
2700,2018-10-18
2701,2018-10-18
2702,2018-10-17
2703,2018-10-18
2704,2018-10-18
2705,2016-07-13
2706,2018-10-18
2707,2018-10-19
2708,2016-06-02
2709,2009-03-02
2710,2018-10-17
2711,2018-10-18
2712,2018-10-19
2713,2016-02-22
2714,2011-12-31
2715,2014-05-08
2716,2013-04-03
2717,2018-10-18
2718,2018-10-19
2719,2018-04-24
2720,2018-10-19
2721,2018-10-18
2722,2017-10-13
2723,2018-10-19
2724,2018-10-19
2725,2016-02-14
2726,2016-08-15
2727,2018-10-19
2728,2018-10-19
2729,2018-06-06
2730,2018-10-04
2731,2018-10-20
2732,2018-10-20
2733,2018-10-04
2734,2018-10-20
2735,2016-04-18
2736,2018-10-20
2737,2018-10-20
2738,2012-01-16
2739,2018-03-28
2740,2018-10-20
2741,2018-10-20
2742,2017-12-07
2743,2018-01-10
2744,2009-04-23
2745,2018-10-21
2746,2018-10-20
2747,2014-04-22
2748,2018-10-20
2749,2018-10-21
2750,2018-10-21
2751,2016-02-26
2752,2018-10-21
2753,2018-10-21
2754,2018-10-21
2755,2017-12-20
2756,2018-10-21
2757,2015-05-29
2758,2013-11-24
2759,2018-10-22
2760,2018-10-22
2761,2018-07-25
2762,2017-04-10
2763,2017-03-27
2764,2017-10-19
2765,2015-10-12
2766,2014-09-24
2767,2011-03-25
2768,2017-10-05
2769,2018-10-23
2770,2017-05-25
2771,2018-10-23
2772,2018-10-10
2773,2018-10-23
2774,2018-10-23
2775,2017-04-25
2776,2017-07-29
2777,2018-01-16
2778,2018-10-23
2779,2016-12-12
2780,2018-10-23
2781,2018-03-30
2782,2018-10-23
2783,2017-06-24
2784,2018-10-23
2785,2018-10-24
2786,2018-10-24
2787,2017-09-23
2788,2018-09-30
2789,2018-10-23
2790,2018-04-18
2791,2018-10-24
2792,2016-12-04
2793,2018-02-09
2794,2018-10-24
2795,2018-10-24
2796,2017-06-22
2797,2018-02-07
2798,2018-10-24
2799,2018-01-07
2800,2018-10-22
2801,2012-03-05
2802,2018-10-25
2803,2018-10-25
2804,2018-10-11
2805,2017-02-09
2806,2018-10-25
2807,2018-05-21
2808,2018-10-21
2809,2018-09-13
2810,2018-10-25
2811,2018-10-25
2812,2018-10-25
2813,2018-05-09
2814,2018-10-25
2815,2018-10-25
2816,2018-10-25
2817,2018-10-25
2818,2011-09-11
2819,2018-09-19
2820,2017-09-12
2821,2016-12-04
2822,2018-10-26
2823,2018-10-01
2824,2017-08-20
2825,2018-10-23
2826,2018-10-26
2827,2014-05-13
2828,2018-10-26
2829,2017-08-29
2830,2018-10-26
2831,2018-10-26
2832,2018-10-26
2833,2018-10-26
2834,2018-10-26
2835,2016-01-17
2836,2018-10-26
2837,2017-03-01
2838,2016-03-17
2839,2018-10-26
2840,2012-11-16
2841,2018-10-08
2842,2018-10-24
2843,2017-01-04
2844,2017-07-03
2845,2018-10-27
2846,2018-10-27
2847,2018-10-26
2848,2018-10-27
2849,2018-10-27
2850,2018-10-27
2851,2018-01-02
2852,2018-10-27
2853,2015-04-11
2854,2018-01-25
2855,2018-10-28
2856,2017-11-01
2857,2018-10-28
2858,2018-10-28
2859,2016-12-04
2860,2015-05-11
2861,2018-10-28
2862,2017-10-04
2863,2018-10-28
2864,2018-10-29
2865,2018-07-30
2866,2018-10-27
2867,2016-09-17
2868,2018-01-20
2869,2018-05-13
2870,2017-08-04
2871,2018-02-28
2872,2012-09-20
2873,2018-10-29
2874,2018-10-29
2875,2018-10-29
2876,2018-10-29
2877,2013-05-03
2878,2018-10-29
2879,2018-10-29
2880,2018-10-29
2881,2016-09-28
2882,2018-10-30
2883,2017-12-26
2884,2017-12-23
2885,2018-10-25
2886,2017-08-11
2887,2018-10-26
2888,2018-10-30
2889,2018-08-08
2890,2017-04-01
2891,2018-08-18
2892,2018-10-30
2893,2018-08-28
2894,2018-10-30
2895,2015-08-12
2896,2018-10-30
2897,2018-10-23
2898,2018-08-21
2899,2018-10-31
2900,2018-10-31
2901,2018-10-31
2902,2018-10-31
2903,2018-10-31
2904,2016-12-04
2905,2018-10-31
2906,2018-10-15
2907,2018-10-31
2908,2017-02-28
2909,2018-10-31
2910,2018-10-31
2911,2018-10-31
2912,2018-10-30
2913,2017-02-08
2914,2018-09-23
2915,2018-10-31
2916,2018-11-01
2917,2018-11-01
2918,2012-04-20
2919,2018-11-01
2920,2018-01-17
2921,2016-03-05
2922,2018-07-06
2923,2018-10-31
2924,2018-11-01
2925,2018-10-19
2926,2018-11-01
2927,2018-11-01
2928,2018-11-01
2929,2018-11-01
2930,2018-11-01
2931,2017-02-06
2932,2014-04-15
2933,2010-01-14
2934,2018-11-02
2935,2017-08-06
2936,2018-11-02
2937,2014-11-04
2938,2018-11-02
2939,2018-11-02
2940,2018-11-02
2941,2018-11-02
2942,2018-11-02
2943,2017-02-04
2944,2018-11-01
2945,2011-10-13
2946,2016-03-01
2947,2018-11-02
2948,2017-02-19
2949,2018-11-02
2950,2018-11-02
2951,2018-07-03
2952,2017-01-06
2953,2018-11-03
2954,2016-01-14
2955,2018-10-03
2956,2018-05-18
2957,2018-11-03
2958,2018-11-03
2959,2018-04-28
2960,2014-10-06
2961,2017-04-28
2962,2018-11-03
2963,2018-11-03
2964,2012-11-28
2965,2018-01-09
2966,2015-11-17
2967,2018-10-20
2968,2018-11-04
2969,2018-11-04
2970,2018-11-04
2971,2017-02-20
2972,2010-11-11
2973,2018-11-04
2974,2018-10-30
2975,2018-11-05
2976,2018-11-05
2977,2018-10-21
2978,2018-11-05
2979,2018-11-04
2980,2018-01-29
2981,2018-11-05
2982,2018-05-24
2983,2018-11-05
2984,2017-10-31
2985,2011-11-20
2986,2018-04-12
2987,2018-10-02
2988,2018-10-31
2989,2017-01-28
2990,2017-10-05
2991,2018-11-06
2992,2017-03-24
2993,2018-08-25
2994,2018-11-04
2995,2018-11-05
2996,2018-11-07
2997,2018-10-11
2998,2018-04-14
2999,2018-10-10
3000,2014-12-21
3001,2018-11-07
3002,2017-12-04
3003,2018-11-07
3004,2018-09-19
3005,2018-11-07
3006,2018-11-06
3007,2018-05-31
3008,2018-01-15
3009,2017-08-03
3010,2018-11-07
3011,2018-11-07
3012,2018-09-09
3013,2015-08-06
3014,2018-11-06
3015,2012-09-16
3016,2017-06-20
3017,2018-11-07
3018,2018-11-08
3019,2018-10-11
3020,2018-08-25
3021,2017-05-23
3022,2018-11-07
3023,2018-11-08
3024,2017-02-10
3025,2018-11-08
3026,2018-11-09
3027,2018-11-09
3028,2018-11-09
3029,2018-11-08
3030,2017-02-21
3031,2018-11-09
3032,2018-11-09
3033,2018-11-09
3034,2016-12-22
3035,2015-01-13
3036,2018-11-05
3037,2018-11-09
3038,2013-03-16
3039,2018-11-09
3040,2015-06-05
3041,2018-11-10
3042,2018-11-10
3043,2017-06-12
3044,2018-11-10
3045,2018-11-11
3046,2013-03-25
3047,2015-06-29
3048,2018-07-30
3049,2018-11-11
3050,2018-01-17
3051,2017-04-26
3052,2018-09-01
3053,2018-11-11
3054,2018-03-25
3055,2018-08-24
3056,2018-11-11
3057,2016-05-05
3058,2015-07-01
3059,2018-10-30
3060,2018-10-15
3061,2017-11-29
3062,2012-04-06
3063,2018-08-22
3064,2018-11-13
3065,2018-11-13
3066,2016-03-15
3067,2011-04-13
3068,2018-11-13
3069,2018-11-13
3070,2018-11-13
3071,2018-11-13
3072,2018-11-13
3073,2018-11-13
3074,2017-06-21
3075,2018-11-07
3076,2015-09-04
3077,2018-11-07
3078,2015-07-29
3079,2018-11-13
3080,2018-04-05
3081,2014-10-02
3082,2017-09-02
3083,2014-10-10
3084,2009-12-25
3085,2018-11-14
3086,2018-11-14
3087,2018-11-13
3088,2018-11-14
3089,2015-06-05
3090,2016-02-20
3091,2018-02-04
3092,2018-11-08
3093,2018-11-15
3094,2016-12-14
3095,2018-11-05
3096,2013-01-14
3097,2018-05-05
3098,2018-11-15
3099,2015-08-12
3100,2010-10-03
3101,2018-11-15
3102,2018-02-11
3103,2018-11-14
3104,2018-11-15
3105,2017-02-08
3106,2011-12-01
3107,2018-11-16
3108,2018-11-16
3109,2018-11-02
3110,2018-11-16
3111,2015-06-19
3112,2018-11-14
3113,2018-11-16
3114,2018-11-16
3115,2018-04-02
3116,2018-11-16
3117,2017-01-30
3118,2018-11-16
3119,2018-11-16
3120,2018-10-23
3121,2018-11-16
3122,2015-10-20
3123,2018-09-13
3124,2018-11-01
3125,2018-02-28
3126,2018-11-15
3127,2018-11-17
3128,2017-06-05
3129,2017-01-30
3130,2018-11-17
3131,2018-11-17
3132,2018-06-17
3133,2018-04-30
3134,2017-08-26
3135,2018-11-13
3136,2018-11-18
3137,2009-03-22
3138,2018-11-18
3139,2018-11-18
3140,2015-09-30
3141,2018-11-18
3142,2016-02-21
3143,2018-10-12
3144,2018-11-04
3145,2016-08-21
3146,2018-11-18
3147,2018-11-19
3148,2014-10-05
3149,2018-11-19
3150,2018-05-10
3151,2018-11-19
3152,2018-11-19
3153,2018-11-20
3154,2017-12-07
3155,2016-12-17
3156,2017-01-30
3157,2015-09-29
3158,2018-11-20
3159,2018-11-20
3160,2016-11-01
3161,2018-11-18
3162,2014-03-18
3163,2012-05-03
3164,2016-10-16
3165,2015-02-08
3166,2014-04-18
3167,2010-03-04
3168,2018-11-21
3169,2017-06-11
3170,2018-11-21
3171,2018-11-21
3172,2017-09-23
3173,2018-11-21
3174,2016-05-22
3175,2012-06-15
3176,2018-11-21
3177,2017-09-15
3178,2018-10-16
3179,2018-10-30
3180,2016-12-04
3181,2008-03-15
3182,2018-11-22
3183,2014-05-19
3184,2018-11-22
3185,2012-06-13
3186,2015-11-30
3187,2018-11-19
3188,2014-10-17
3189,2017-07-25
3190,2018-11-22
3191,2018-08-23
3192,2018-11-22
3193,2014-09-09
3194,2018-11-11
3195,2018-11-21
3196,2016-10-02
3197,2014-11-04
3198,2018-11-22
3199,2010-07-13
3200,2017-01-12
3201,2018-11-23
3202,2018-09-07
3203,2017-05-29
3204,2014-11-04
3205,2016-12-04
3206,2018-11-23
3207,2018-07-29
3208,2018-03-11
3209,2016-12-04
3210,2018-11-09
3211,2014-10-24
3212,2018-11-13
3213,2014-08-27
3214,2018-11-23
3215,2016-10-01
3216,2015-10-15
3217,2018-11-24
3218,2018-09-02
3219,2018-11-11
3220,2018-11-22
3221,2013-12-30
3222,2015-11-05
3223,2015-01-04
3224,2014-12-23
3225,2018-11-24
3226,2018-10-25
3227,2016-03-26
3228,2018-05-10
3229,2016-05-22
3230,2015-11-06
3231,2018-06-30
3232,2018-11-25
3233,2018-11-25
3234,2018-11-21
3235,2018-11-25
3236,2015-09-19
3237,2018-11-25
3238,2018-11-25
3239,2014-04-18
3240,2018-11-25
3241,2018-11-25
3242,2018-11-26
3243,2013-08-12
3244,2015-01-18
3245,2016-08-06
3246,2017-11-23
3247,2018-11-26
3248,2018-11-26
3249,2015-08-29
3250,2015-12-10
3251,2018-01-04
3252,2017-07-10
3253,2017-07-04
3254,2018-11-26
3255,2018-11-26
3256,2018-11-26
3257,2018-11-26
3258,2018-11-26
3259,2018-11-27
3260,2018-11-26
3261,2018-08-28
3262,2013-11-08
3263,2012-11-20
3264,2018-02-28
3265,2018-11-27
3266,2018-11-27
3267,2018-09-01
3268,2018-11-23
3269,2018-11-27
3270,2018-11-22
3271,2018-02-07
3272,2018-11-27
3273,2018-11-26
3274,2018-11-08
3275,2016-05-07
3276,2018-11-27
3277,2018-11-28
3278,2018-11-28
3279,2018-11-28
3280,2018-10-30
3281,2016-05-01
3282,2018-11-27
3283,2011-02-10
3284,2018-11-24
3285,2018-11-22
3286,2016-04-07
3287,2011-05-10
3288,2018-03-28
3289,2018-11-28
3290,2018-11-28
3291,2018-11-28
3292,2014-11-04
3293,2017-03-28
3294,2018-11-29
3295,2018-11-26
3296,2016-01-07
3297,2018-11-29
3298,2017-01-27
3299,2018-11-29
3300,2018-11-29
3301,2018-11-29
3302,2014-11-04
3303,2018-01-21
3304,2017-03-30
3305,2018-02-10
3306,2017-10-13
3307,2014-11-04
3308,2015-07-20
3309,2014-11-04
3310,2016-07-10
3311,2012-07-19
3312,2018-02-08
3313,2018-11-29
3314,2018-11-30
3315,2018-11-30
3316,2018-11-29
3317,2018-11-30
3318,2018-10-31
3319,2011-06-06
3320,2017-08-08
3321,2018-11-26
3322,2017-02-24
3323,2017-12-19
3324,2015-10-10
3325,2018-11-30
3326,2017-09-08
3327,2018-11-30
3328,2018-12-01
3329,2018-12-01
3330,2017-02-01
3331,2017-12-06
3332,2018-12-01
3333,2018-12-02
3334,2013-05-24
3335,2018-12-02
3336,2018-12-02
3337,2018-12-02
3338,2017-03-03
3339,2018-12-02
3340,2018-12-02
3341,2018-12-02
3342,2018-12-02
3343,2018-12-02
3344,2017-08-29
3345,2018-12-03
3346,2015-12-14
3347,2017-03-07
3348,2014-11-04
3349,2017-10-10
3350,2018-12-03
3351,2018-12-03
3352,2015-03-03
3353,2018-03-13
3354,2018-11-05
3355,2018-11-20
3356,2018-12-03
3357,2016-02-05
3358,2018-12-03
3359,2018-12-03
3360,2018-12-03
3361,2018-12-03
3362,2018-12-03
3363,2018-12-04
3364,2011-02-01
3365,2018-11-03
3366,2018-12-01
3367,2018-12-04
3368,2018-12-04
3369,2017-12-16
3370,2018-12-04
3371,2018-12-04
3372,2018-11-20
3373,2018-12-04
3374,2018-02-01
3375,2018-12-04
3376,2018-07-24
3377,2018-12-05
3378,2018-12-05
3379,2018-12-05
3380,2016-05-29
3381,2018-12-05
3382,2018-11-29
3383,2015-02-13
3384,2016-12-04
3385,2016-07-16
3386,2016-02-05
3387,2018-12-05
3388,2018-12-05
3389,2017-11-05
3390,2018-12-05
3391,2018-04-02
3392,2018-12-06
3393,2014-10-23
3394,2015-10-27
3395,2016-02-02
3396,2018-12-05
3397,2016-06-15
3398,2018-12-04
3399,2018-12-06
3400,2018-01-27
3401,2016-12-04
3402,2018-12-06
3403,2018-12-06
3404,2014-12-23
3405,2012-05-13
3406,2018-11-27
3407,2018-12-06
3408,2015-02-19
3409,2018-11-29
3410,2018-11-12
3411,2018-12-05
3412,2018-12-01
3413,2018-12-07
3414,2018-12-03
3415,2018-11-05
3416,2018-12-07
3417,2018-11-27
3418,2018-12-07
3419,2018-12-03
3420,2018-04-01
3421,2018-12-07
3422,2015-09-03
3423,2015-04-29
3424,2018-03-29
3425,2016-09-07
3426,2013-09-15
3427,2018-12-08
3428,2018-12-03
3429,2015-06-10
3430,2018-09-03
3431,2018-11-28
3432,2018-12-08
3433,2018-12-07
3434,2018-09-14
3435,2018-11-09
3436,2015-07-06
3437,2018-07-16
3438,2018-12-09
3439,2012-03-06
3440,2018-04-01
3441,2016-12-04
3442,2018-12-06
3443,2013-07-25
3444,2018-12-09
3445,2017-07-10
3446,2015-09-06
3447,2013-06-27
3448,2013-08-02
3449,2018-05-13
3450,2015-12-08
3451,2018-12-09
3452,2018-12-09
3453,2016-03-18
3454,2010-08-27
3455,2015-07-12
3456,2018-12-02
3457,2017-08-12
3458,2018-12-10
3459,2018-12-08
3460,2018-12-08
3461,2018-07-03
3462,2018-12-10
3463,2018-04-08
3464,2018-05-02
3465,2017-01-17
3466,2018-12-02
3467,2018-06-07
3468,2018-04-02
3469,2018-12-10
3470,2017-02-27
3471,2018-12-10
3472,2018-12-09
3473,2018-12-10
3474,2018-12-10
3475,2018-12-10
3476,2018-03-20
3477,2016-10-13
3478,2018-12-10
3479,2017-11-21
3480,2018-11-17
3481,2018-12-11
3482,2018-10-08
3483,2018-12-11
3484,2018-12-11
3485,2017-12-16
3486,2017-01-09
3487,2018-12-06
3488,2018-12-11
3489,2018-06-20
3490,2018-12-12
3491,2018-07-04
3492,2017-04-21
3493,2015-02-15
3494,2018-12-12
3495,2018-12-12
3496,2017-07-03
3497,2017-11-23
3498,2014-11-04
3499,2018-05-12
3500,2018-09-30
3501,2018-11-08
3502,2018-12-12
3503,2018-12-12
3504,2018-12-12
3505,2018-12-13
3506,2018-12-13
3507,2012-05-13
3508,2018-12-04
3509,2018-12-07
3510,2018-12-13
3511,2015-08-12
3512,2018-12-13
3513,2016-04-22
3514,2018-09-01
3515,2017-05-12
3516,2018-12-13
3517,2018-02-02
3518,2018-12-13
3519,2018-02-19
3520,2018-12-14
3521,2018-12-14
3522,2017-10-09
3523,2018-12-08
3524,2018-12-14
3525,2012-10-14
3526,2018-12-14
3527,2018-12-14
3528,2017-10-13
3529,2018-12-15
3530,2018-12-14
3531,2018-12-08
3532,2018-04-17
3533,2018-02-15
3534,2018-12-16
3535,2014-10-22
3536,2018-02-25
3537,2018-12-16
3538,2018-12-16
3539,2018-07-05
3540,2018-12-16
3541,2018-12-16
3542,2017-12-24
3543,2018-12-09
3544,2018-12-17
3545,2016-12-04
3546,2018-12-17
3547,2016-09-29
3548,2018-12-17
3549,2016-04-28
3550,2018-12-17
3551,2018-12-17
3552,2018-12-17
3553,2018-12-17
3554,2018-12-17
3555,2018-12-18
3556,2018-12-14
3557,2013-07-20
3558,2018-12-18
3559,2016-09-29
3560,2016-05-10
3561,2018-12-13
3562,2016-12-20
3563,2017-06-19
3564,2015-10-27
3565,2018-12-18
3566,2018-05-15
3567,2018-12-19
3568,2018-12-19
3569,2018-05-02
3570,2014-11-04
3571,2018-12-19
3572,2014-02-25
3573,2018-12-18
3574,2018-12-19
3575,2018-12-19
3576,2018-12-19
3577,2010-11-16
3578,2014-11-04
3579,2018-08-06
3580,2009-04-06
3581,2015-09-07
3582,2018-12-19
3583,2018-12-20
3584,2017-10-21
3585,2018-12-20
3586,2018-12-20
3587,2017-02-20
3588,2014-09-09
3589,2017-11-08
3590,2015-11-16
3591,2016-12-26
3592,2017-11-13
3593,2018-12-16
3594,2018-12-21
3595,2017-05-24
3596,2015-11-09
3597,2018-03-30
3598,2015-08-19
3599,2018-12-16
3600,2017-02-15
3601,2018-02-05
3602,2017-10-17
3603,2016-12-01
3604,2018-12-20
3605,2018-12-22
3606,2018-10-14
3607,2018-12-15
3608,2018-12-22
3609,2017-08-03
3610,2018-09-24
3611,2018-02-22
3612,2018-06-02
3613,2016-11-08
3614,2014-11-04
3615,2018-12-23
3616,2014-11-04
3617,2018-12-23
3618,2015-12-07
3619,2018-12-23
3620,2018-01-08
3621,2018-11-20
3622,2018-02-02
3623,2018-12-24
3624,2018-12-24
3625,2018-11-20
3626,2015-09-03
3627,2018-12-24
3628,2018-07-16
3629,2018-12-25
3630,2018-12-25
3631,2018-12-22
3632,2018-12-25
3633,2018-12-25
3634,2018-12-21
3635,2018-12-25
3636,2018-12-20
3637,2016-09-17
3638,2018-12-25
3639,2018-12-25
3640,2018-12-25
3641,2018-12-26
3642,2017-03-08
3643,2018-12-26
3644,2017-10-20
3645,2017-06-10
3646,2018-12-27
3647,2018-12-27
3648,2018-07-21
3649,2018-03-31
3650,2018-12-27
3651,2017-07-13
3652,2018-12-25
3653,2016-04-28
3654,2018-12-28
3655,2017-08-14
3656,2018-12-28
3657,2018-12-28
3658,2018-11-14
3659,2018-11-15
3660,2013-11-12
3661,2018-09-10
3662,2018-11-05
3663,2018-12-26
3664,2018-12-29
3665,2018-12-28
3666,2018-12-18
3667,2018-03-29
3668,2018-12-28
3669,2018-12-30
3670,2016-11-14
3671,2018-12-30
3672,2018-11-19
3673,2018-12-30
3674,2018-12-30
3675,2018-12-31
3676,2015-12-12
3677,2018-12-31
3678,2019-01-01
3679,2018-12-29
3680,2016-12-19
3681,2015-09-10
3682,2016-06-14
3683,2019-01-02
3684,2018-02-08
3685,2019-01-02
3686,2019-01-02
3687,2019-01-02
3688,2017-12-01
3689,2017-11-03
3690,2019-01-03
3691,2019-01-03
3692,2019-01-03
3693,2019-01-03
3694,2019-01-04
3695,2019-01-04
3696,2019-01-04
3697,2019-01-04
3698,2016-12-07
3699,2018-12-26
3700,2019-01-04
3701,2018-11-23
3702,2016-03-30
3703,2019-01-04
3704,2018-09-17
3705,2017-10-26
3706,2019-01-04
3707,2018-07-19
3708,2016-04-11
3709,2019-01-05
3710,2016-12-04
3711,2019-01-05
3712,2016-12-04
3713,2018-12-19
3714,2019-01-05
3715,2019-01-05
3716,2018-12-17
3717,2015-01-31
3718,2019-01-06
3719,2019-01-06
3720,2017-09-01
3721,2018-08-16
3722,2019-01-06
3723,2018-12-16
3724,2019-01-06
3725,2017-05-17
3726,2019-01-06
3727,2014-07-26
3728,2019-01-07
3729,2019-01-07
3730,2019-01-07
3731,2018-01-26
3732,2019-01-07
3733,2016-03-30
3734,2018-02-18
3735,2014-06-05
3736,2018-08-14
3737,2017-03-13
3738,2016-09-11
3739,2018-10-13
3740,2010-10-05
3741,2017-02-20
3742,2018-02-06
3743,2017-02-07
3744,2018-12-28
3745,2019-01-06
3746,2015-07-25
3747,2016-03-13
3748,2017-10-10
3749,2014-11-04
3750,2019-01-09
3751,2019-01-09
3752,2018-05-31
3753,2019-01-09
3754,2016-12-04
3755,2019-01-10
3756,2019-01-09
3757,2019-01-10
3758,2018-03-13
3759,2018-11-15
3760,2019-01-10
3761,2014-11-12
3762,2019-01-10
3763,2019-01-08
3764,2019-01-10
3765,2013-10-06
3766,2019-01-07
3767,2019-01-11
3768,2019-01-10
3769,2019-01-11
3770,2019-01-11
3771,2019-01-11
3772,2016-08-18
3773,2019-01-11
3774,2016-12-04
3775,2019-01-12
3776,2017-05-16
3777,2019-01-12
3778,2012-06-18
3779,2019-01-12
3780,2019-01-12
3781,2019-01-13
3782,2019-01-13
3783,2019-01-13
3784,2017-09-11
3785,2017-01-09
3786,2019-01-13
3787,2018-05-10
3788,2017-08-02
3789,2019-01-13
3790,2019-01-11
3791,2017-01-26
3792,2019-01-13
3793,2016-12-06
3794,2017-02-25
3795,2019-01-09
3796,2017-02-20
3797,2019-01-13
3798,2019-01-14
3799,2019-01-14
3800,2019-01-14
3801,2017-06-24
3802,2018-12-14
3803,2019-01-14
3804,2019-01-14
3805,2019-01-13
3806,2019-01-14
3807,2018-09-10
3808,2019-01-14
3809,2019-01-14
3810,2017-11-16
3811,2019-01-14
3812,2015-03-16
3813,2019-01-14
3814,2018-02-18
3815,2019-01-14
3816,2019-01-14
3817,2019-01-14
3818,2019-01-14
3819,2017-10-31
3820,2011-10-04
3821,2018-09-10
3822,2018-05-10
3823,2018-12-02
3824,2018-05-16
3825,2019-01-15
3826,2018-09-25
3827,2018-01-08
3828,2019-01-15
3829,2019-01-15
3830,2019-01-15
3831,2015-06-23
3832,2019-01-09
3833,2018-10-24
3834,2016-08-17
3835,2017-10-17
3836,2018-02-09
3837,2019-01-15
3838,2019-01-15
3839,2018-04-20
3840,2017-04-26
3841,2019-01-16
3842,2019-01-16
3843,2019-01-16
3844,2019-01-13
3845,2018-11-08
3846,2019-01-16
3847,2017-07-31
3848,2019-01-15
3849,2019-01-12
3850,2018-01-11
3851,2019-01-16
3852,2019-01-16
3853,2019-01-16
3854,2017-03-28
3855,2019-01-17
3856,2018-11-10
3857,2019-01-17
3858,2016-12-04
3859,2019-01-16
3860,2019-01-14
3861,2019-01-08
3862,2019-01-17
3863,2017-12-26
3864,2017-01-17
3865,2019-01-17
3866,2019-01-17
3867,2019-01-17
3868,2019-01-17
3869,2016-12-04
3870,2019-01-17
3871,2019-01-17
3872,2019-01-18
3873,2019-01-18
3874,2011-11-16
3875,2019-01-18
3876,2019-01-18
3877,2019-01-18
3878,2019-01-18
3879,2014-11-04
3880,2019-01-18
3881,2019-01-18
3882,2019-01-18
3883,2019-01-17
3884,2015-02-03
3885,2019-01-18
3886,2019-01-18
3887,2019-01-18
3888,2018-08-03
3889,2019-01-19
3890,2019-01-19
3891,2018-11-27
3892,2017-07-26
3893,2019-01-05
3894,2017-11-08
3895,2010-06-13
3896,2018-06-06
3897,2019-01-19
3898,2016-11-19
3899,2019-01-19
3900,2019-01-20
3901,2019-01-15
3902,2019-01-20
3903,2018-10-06
3904,2011-02-02
3905,2019-01-20
3906,2017-11-05
3907,2018-05-03
3908,2016-10-31
3909,2015-09-02
3910,2013-05-31
3911,2011-05-30
3912,2019-01-20
3913,2019-01-20
3914,2019-01-20
3915,2014-11-04
3916,2019-01-21
3917,2019-01-17
3918,2017-11-13
3919,2018-11-18
3920,2017-01-23
3921,2019-01-21
3922,2017-06-15
3923,2019-01-21
3924,2018-02-02
3925,2011-05-21
3926,2019-01-21
3927,2012-09-25
3928,2019-01-19
3929,2019-01-19
3930,2019-01-11
3931,2019-01-21
3932,2019-01-21
3933,2019-01-16
3934,2019-01-21
3935,2013-01-03
3936,2016-10-17
3937,2019-01-21
3938,2016-06-24
3939,2012-04-27
3940,2016-11-06
3941,2016-03-12
3942,2018-11-16
3943,2019-01-22
3944,2019-01-22
3945,2017-01-20
3946,2019-01-22
3947,2019-01-18
3948,2013-10-31
3949,2019-01-22
3950,2019-01-19
3951,2016-01-12
3952,2017-02-03
3953,2019-01-23
3954,2018-02-21
3955,2019-01-23
3956,2019-01-23
3957,2019-01-23
3958,2019-01-23
3959,2017-04-18
3960,2014-09-11
3961,2018-10-28
3962,2019-01-24
3963,2019-01-24
3964,2019-01-24
3965,2019-01-24
3966,2019-01-24
3967,2019-01-14
3968,2019-01-25
3969,2016-03-13
3970,2019-01-25
3971,2019-01-25
3972,2019-01-25
3973,2019-01-25
3974,2019-01-26
3975,2017-09-05
3976,2019-01-26
3977,2018-11-20
3978,2019-01-12
3979,2018-12-17
3980,2019-01-26
3981,2018-06-26
3982,2018-10-17
3983,2019-01-22
3984,2018-11-14
3985,2014-05-09
3986,2019-01-11
3987,2018-01-22
3988,2011-09-21
3989,2017-11-01
3990,2019-01-27
3991,2019-01-23
3992,2019-01-27
3993,2019-01-27
3994,2019-01-21
3995,2016-07-18
3996,2016-06-12
3997,2018-02-06
3998,2017-12-18
3999,2019-01-28
4000,2019-01-28
4001,2019-01-28
4002,2019-01-28
4003,2019-01-11
4004,2015-09-25
4005,2018-11-23
4006,2019-01-28
4007,2015-10-04
4008,2019-01-29
4009,2019-01-29
4010,2019-01-29
4011,2012-03-25
4012,2019-01-15
4013,2019-01-29
4014,2017-12-22
4015,2019-01-29
4016,2018-04-01
4017,2015-09-16
4018,2019-01-30
4019,2017-12-02
4020,2019-01-30
4021,2019-01-30
4022,2013-05-20
4023,2019-01-30
4024,2019-01-30
4025,2018-10-21
4026,2019-01-30
4027,2019-01-30
4028,2019-01-30
4029,2019-01-30
4030,2019-01-30
4031,2017-11-22
4032,2017-05-06
4033,2019-01-23
4034,2019-01-31
4035,2018-07-20
4036,2019-01-31
4037,2013-08-05
4038,2014-06-18
4039,2019-02-01
4040,2015-08-05
4041,2019-02-01
4042,2019-02-01
4043,2019-02-01
4044,2018-12-29
4045,2017-01-21
4046,2019-02-01
4047,2010-07-11
4048,2019-02-01
4049,2014-02-24
4050,2019-02-02
4051,2019-02-02
4052,2017-08-24
4053,2019-01-17
4054,2019-01-25
4055,2018-04-11
4056,2019-02-03
4057,2019-01-06
4058,2019-02-03
4059,2016-12-04
4060,2018-03-31
4061,2019-02-03
4062,2019-02-03
4063,2019-02-04
4064,2019-02-04
4065,2017-11-29
4066,2016-03-21
4067,2019-02-04
4068,2014-11-04
4069,2014-12-08
4070,2017-09-06
4071,2019-02-04
4072,2019-01-28
4073,2013-01-06
4074,2019-02-04
4075,2010-12-01
4076,2018-07-22
4077,2019-02-04
4078,2019-02-05
4079,2019-02-04
4080,2019-02-05
4081,2018-05-29
4082,2019-02-05
4083,2019-02-05
4084,2019-02-05
4085,2019-01-31
4086,2019-02-05
4087,2019-01-15
4088,2017-02-24
4089,2017-12-26
4090,2018-07-02
4091,2019-02-05
4092,2019-02-05
4093,2019-02-05
4094,2019-02-05
4095,2019-02-05
4096,2019-02-05
4097,2019-01-22
4098,2019-02-05
4099,2019-02-06
4100,2019-02-06
4101,2019-02-06
4102,2017-12-26
4103,2018-12-15
4104,2019-02-06
4105,2019-02-06
4106,2016-10-19
4107,2018-09-20
4108,2019-02-05
4109,2019-02-07
4110,2017-07-28
4111,2019-02-07
4112,2019-02-07
4113,2019-02-07
4114,2013-11-11
4115,2019-02-07
4116,2019-02-06
4117,2019-02-07
4118,2017-12-06
4119,2014-11-04
4120,2018-05-26
4121,2019-02-07
4122,2019-02-07
4123,2018-07-25
4124,2017-07-26
4125,2019-02-08
4126,2019-02-08
4127,2019-02-08
4128,2019-02-08
4129,2019-02-08
4130,2019-02-08
4131,2014-06-24
4132,2019-02-08
4133,2019-02-06
4134,2019-01-23
4135,2019-02-08
4136,2019-02-08
4137,2016-12-04
4138,2019-02-07
4139,2019-02-08
4140,2013-07-04
4141,2016-06-17
4142,2019-02-08
4143,2019-02-08
4144,2018-04-16
4145,2019-02-08
4146,2019-02-09
4147,2016-08-10
4148,2016-07-13
4149,2019-02-09
4150,2018-11-28
4151,2019-02-09
4152,2018-12-31
4153,2017-08-07
4154,2019-02-09
4155,2019-02-09
4156,2018-02-27
4157,2017-09-04
4158,2019-02-10
4159,2019-02-10
4160,2019-02-10
4161,2019-01-08
4162,2019-02-09
4163,2019-02-10
4164,2019-02-10
4165,2019-02-10
4166,2019-02-10
4167,2019-02-10
4168,2016-12-13
4169,2019-02-10
4170,2018-09-08
4171,2018-12-14
4172,2019-02-11
4173,2018-07-05
4174,2019-02-11
4175,2019-02-11
4176,2019-02-08
4177,2019-02-11
4178,2011-05-10
4179,2017-06-06
4180,2014-02-15
4181,2018-11-01
4182,2018-07-24
4183,2019-02-11
4184,2019-02-12
4185,2017-11-01
4186,2018-03-07
4187,2019-02-12
4188,2014-11-04
4189,2019-02-12
4190,2019-02-12
4191,2019-02-12
4192,2019-02-12
4193,2019-02-12
4194,2019-02-12
4195,2019-02-10
4196,2019-02-12
4197,2019-02-12
4198,2015-03-29
4199,2019-02-13
4200,2019-02-13
4201,2018-02-16
4202,2019-02-13
4203,2019-02-13
4204,2016-06-13
4205,2019-02-13
4206,2019-02-13
4207,2018-08-30
4208,2019-02-13
4209,2019-02-13
4210,2019-02-13
4211,2019-02-13
4212,2017-02-06
4213,2019-02-13
4214,2019-02-13
4215,2018-09-13
4216,2019-02-02
4217,2018-12-22
4218,2016-06-20
4219,2019-02-13
4220,2014-08-12
4221,2018-12-12
4222,2017-10-12
4223,2016-12-04
4224,2018-06-05
4225,2014-11-04
4226,2019-02-09
4227,2019-02-06
4228,2019-02-14
4229,2019-02-14
4230,2019-02-14
4231,2019-01-03
4232,2019-02-14
4233,2019-02-14
4234,2016-09-07
4235,2017-09-24
4236,2019-02-14
4237,2019-02-15
4238,2019-01-16
4239,2019-02-15
4240,2019-02-15
4241,2018-10-01
4242,2011-06-29
4243,2019-02-15
4244,2016-11-05
4245,2019-02-14
4246,2019-02-15
4247,2019-02-15
4248,2019-02-15
4249,2018-10-24
4250,2019-02-15
4251,2016-09-12
4252,2019-02-15
4253,2018-12-22
4254,2019-02-15
4255,2016-09-17
4256,2018-12-05
4257,2019-02-16
4258,2018-02-17
4259,2015-02-16
4260,2019-02-16
4261,2011-03-25
4262,2019-02-16
4263,2019-02-16
4264,2016-12-04
4265,2019-01-14
4266,2018-09-02
4267,2009-11-15
4268,2019-02-17
4269,2017-09-14
4270,2018-03-22
4271,2019-02-17
4272,2018-10-11
4273,2019-02-17
4274,2019-02-17
4275,2019-01-28
4276,2019-01-24
4277,2018-12-05
4278,2014-11-04
4279,2018-05-29
4280,2015-07-07
4281,2019-02-17
4282,2017-12-14
4283,2019-01-15
4284,2019-02-18
4285,2019-02-18
4286,2018-11-18
4287,2016-12-04
4288,2014-11-04
4289,2016-08-25
4290,2019-02-18
4291,2019-02-18
4292,2019-02-18
4293,2019-02-18
4294,2013-02-15
4295,2019-02-18
4296,2016-12-04
4297,2019-02-18
4298,2019-01-21
4299,2019-02-18
4300,2019-02-18
4301,2019-02-18
4302,2019-02-13
4303,2019-02-18
4304,2019-02-18
4305,2019-02-18
4306,2019-02-19
4307,2019-02-19
4308,2019-02-19
4309,2019-02-19
4310,2019-02-19
4311,2017-03-17
4312,2019-02-18
4313,2019-02-18
4314,2013-01-24
4315,2018-10-23
4316,2019-02-19
4317,2019-02-19
4318,2019-02-19
4319,2019-02-18
4320,2012-04-08
4321,2017-04-14
4322,2017-11-28
4323,2016-12-04
4324,2019-02-20
4325,2019-02-20
4326,2019-02-20
4327,2019-02-20
4328,2019-02-20
4329,2019-02-20
4330,2019-02-20
4331,2019-02-20
4332,2013-05-05
4333,2019-02-13
4334,2019-02-17
4335,2019-02-20
4336,2019-02-20
4337,2016-05-23
4338,2017-07-29
4339,2019-02-21
4340,2019-02-21
4341,2019-02-21
4342,2019-02-19
4343,2019-02-21
4344,2019-02-20
4345,2014-01-06
4346,2019-01-31
4347,2018-07-10
4348,2019-02-21
4349,2019-02-21
4350,2019-02-20
4351,2019-02-21
4352,2019-02-21
4353,2017-02-20
4354,2019-02-21
4355,2019-02-21
4356,2014-10-01
4357,2017-12-20
4358,2016-02-06
4359,2019-02-22
4360,2018-12-30
4361,2019-02-22
4362,2019-02-22
4363,2019-02-22
4364,2019-02-20
4365,2017-04-28
4366,2019-02-22
4367,2018-12-24
4368,2019-02-22
4369,2019-02-22
4370,2019-02-06
4371,2019-02-22
4372,2019-02-22
4373,2019-02-22
4374,2018-06-27
4375,2014-11-04
4376,2019-02-22
4377,2019-02-23
4378,2019-02-23
4379,2019-02-12
4380,2018-01-13
4381,2019-02-23
4382,2019-02-07
4383,2019-02-23
4384,2015-04-04
4385,2019-02-23
4386,2013-08-15
4387,2010-11-29
4388,2011-09-20
4389,2017-02-20
4390,2019-02-24
4391,2019-02-24
4392,2018-06-06
4393,2019-02-24
4394,2019-02-24
4395,2019-02-13
4396,2019-02-24
4397,2018-07-13
4398,2016-02-29
4399,2019-02-24
4400,2015-03-29
4401,2019-02-24
4402,2019-02-25
4403,2019-02-25
4404,2012-05-12
4405,2019-02-24
4406,2015-03-12
4407,2019-02-25
4408,2016-07-12
4409,2016-04-06
4410,2019-02-25
4411,2019-02-25
4412,2018-06-04
4413,2017-07-01
4414,2017-09-14
4415,2019-02-25
4416,2019-02-25
4417,2019-02-25
4418,2019-02-25
4419,2019-02-26
4420,2019-02-26
4421,2019-02-26
4422,2019-02-26
4423,2019-02-26
4424,2018-06-23
4425,2016-08-23
4426,2016-03-25
4427,2018-09-07
4428,2019-02-26
4429,2019-01-03
4430,2019-02-26
4431,2014-11-04
4432,2019-02-26
4433,2019-02-26
4434,2019-02-26
4435,2019-02-26
4436,2019-02-26
4437,2019-02-26
4438,2019-02-25
4439,2019-02-09
4440,2019-02-26
4441,2019-02-26
4442,2017-04-25
4443,2019-02-25
4444,2019-02-26
4445,2016-06-24
4446,2019-02-27
4447,2019-02-27
4448,2018-04-05
4449,2019-02-27
4450,2019-02-27
4451,2019-02-27
4452,2018-12-12
4453,2017-02-21
4454,2017-12-19
4455,2019-02-27
4456,2019-02-27
4457,2019-02-27
4458,2019-02-27
4459,2019-02-27
4460,2019-02-27
4461,2019-02-27
4462,2019-02-27
4463,2019-02-27
4464,2019-02-28
4465,2019-02-28
4466,2017-10-05
4467,2015-05-30
4468,2019-02-28
4469,2019-02-28
4470,2018-12-01
4471,2014-10-13
4472,2019-02-28
4473,2019-02-28
4474,2019-02-28
4475,2019-01-23
4476,2015-08-10
4477,2019-02-28
4478,2019-02-28
4479,2019-02-28
4480,2019-02-28
4481,2019-02-24
4482,2017-04-11
4483,2019-02-28
4484,2014-08-03
4485,2019-02-28
4486,2019-02-28
4487,2019-02-28
4488,2019-02-28
4489,2018-02-02
4490,2019-03-01
4491,2017-08-24
4492,2019-03-01
4493,2018-11-27
4494,2019-03-01
4495,2019-01-26
4496,2019-03-01
4497,2018-11-14
4498,2015-12-04
4499,2018-03-28
4500,2019-03-01
4501,2019-01-07
4502,2019-03-01
4503,2019-03-01
4504,2019-03-01
4505,2018-07-24
4506,2019-03-02
4507,2017-02-20
4508,2019-03-02
4509,2019-01-09
4510,2019-03-02
4511,2018-04-23
4512,2016-08-17
4513,2019-03-01
4514,2012-11-13
4515,2019-03-03
4516,2019-03-03
4517,2019-03-03
4518,2019-03-03
4519,2015-11-03
4520,2019-03-03
4521,2018-05-13
4522,2017-11-15
4523,2019-03-02
4524,2017-10-23
4525,2019-03-03
4526,2019-03-01
4527,2019-03-03
4528,2019-02-11
4529,2019-03-03
4530,2019-03-04
4531,2019-03-04
4532,2019-03-04
4533,2019-02-26
4534,2019-03-04
4535,2017-04-18
4536,2016-04-07
4537,2018-10-03
4538,2019-03-04
4539,2017-07-17
4540,2018-02-11
4541,2019-03-04
4542,2019-03-04
4543,2018-06-15
4544,2019-02-26
4545,2019-03-04
4546,2019-03-04
4547,2019-03-05
4548,2017-06-05
4549,2017-02-19
4550,2019-03-05
4551,2019-02-26
4552,2019-03-05
4553,2019-03-04
4554,2019-03-04
4555,2019-03-05
4556,2019-03-05
4557,2019-02-04
4558,2014-04-18
4559,2019-03-05
4560,2018-01-27
4561,2019-03-05
4562,2019-03-05
4563,2019-03-05
4564,2019-03-01
4565,2019-03-05
4566,2019-03-05
4567,2019-03-05
4568,2019-03-05
4569,2019-03-05
4570,2019-02-13
4571,2019-03-06
4572,2019-03-06
4573,2019-03-06
4574,2019-03-06
4575,2019-02-07
4576,2019-02-06
4577,2019-03-06
4578,2019-03-05
4579,2019-03-06
4580,2018-01-27
4581,2019-03-06
4582,2019-03-06
4583,2019-03-04
4584,2019-03-07
4585,2013-03-13
4586,2019-03-07
4587,2019-03-07
4588,2019-03-07
4589,2019-02-26
4590,2019-01-09
4591,2016-12-04
4592,2019-03-05
4593,2018-09-10
4594,2019-03-07
4595,2019-01-30
4596,2019-03-07
4597,2019-03-07
4598,2018-11-10
4599,2019-03-07
4600,2019-03-07
4601,2015-03-30
4602,2019-03-07
4603,2019-03-07
4604,2019-03-07
4605,2019-03-08
4606,2019-03-08
4607,2019-03-08
4608,2019-03-08
4609,2019-03-08
4610,2019-03-08
4611,2019-03-06
4612,2019-03-08
4613,2019-03-08
4614,2019-03-09
4615,2019-03-09
4616,2019-03-09
4617,2019-03-09
4618,2019-03-09
4619,2019-03-09
4620,2019-03-09
4621,2019-03-09
4622,2019-03-09
4623,2019-03-08
4624,2019-03-09
4625,2015-11-07
4626,2014-09-24
4627,2016-05-01
4628,2019-03-10
4629,2019-03-10
4630,2019-03-10
4631,2019-03-10
4632,2013-03-26
4633,2016-08-16
4634,2019-03-10
4635,2019-03-10
4636,2018-01-09
4637,2019-03-10
4638,2019-03-10
4639,2016-12-04
4640,2019-03-09
4641,2019-03-11
4642,2019-03-11
4643,2019-02-26
4644,2019-03-11
4645,2019-01-18
4646,2016-12-04
4647,2019-03-11
4648,2019-03-11
4649,2015-05-11
4650,2019-03-11
4651,2019-03-11
4652,2019-02-10
4653,2019-03-11
4654,2019-03-11
4655,2019-03-11
4656,2019-03-11
4657,2019-03-12
4658,2019-03-12
4659,2019-01-23
4660,2019-03-12
4661,2019-03-12
4662,2019-03-12
4663,2019-03-12
4664,2019-03-12
4665,2017-08-11
4666,2019-03-12
4667,2019-03-12
4668,2019-03-12
4669,2019-03-12
4670,2016-11-17
4671,2019-03-12
4672,2018-12-19
4673,2019-03-12
4674,2019-03-12
4675,2019-03-12
4676,2019-02-25
4677,2019-03-12
4678,2019-03-10
4679,2019-03-12
4680,2018-01-12
4681,2019-03-12
4682,2018-12-31
4683,2019-03-07
4684,2019-03-12
4685,2019-03-12
4686,2019-03-13
4687,2019-03-13
4688,2019-03-13
4689,2019-03-13
4690,2019-03-13
4691,2019-03-13
4692,2015-09-08
4693,2019-03-13
4694,2019-03-11
4695,2019-03-13
4696,2018-12-02
4697,2019-03-13
4698,2019-03-13
4699,2019-03-13
4700,2019-03-13
4701,2019-03-13
4702,2019-03-13
4703,2019-03-13
4704,2019-03-13
4705,2019-03-13
4706,2019-01-20
4707,2019-03-13
4708,2019-03-13
4709,2019-03-13
4710,2019-03-13
4711,2019-03-13
4712,2019-03-13
4713,2016-01-04
4714,2019-03-13
4715,2019-03-13
4716,2019-03-13
4717,2019-03-04
4718,2019-03-13
4719,2012-04-13
4720,2013-09-03
4721,2019-03-13
4722,2019-03-14
4723,2019-03-14
4724,2019-03-14
4725,2019-03-14
4726,2014-02-27
4727,2019-03-14
4728,2016-08-19
4729,2019-03-14
4730,2016-10-03
4731,2019-03-04
4732,2019-03-14
4733,2018-04-14
4734,2019-03-14
4735,2019-03-14
4736,2019-03-14
4737,2019-03-14
4738,2019-03-10
4739,2019-03-14
4740,2019-02-06
4741,2019-03-12
4742,2019-03-14
4743,2019-02-21
4744,2016-12-04
4745,2019-03-15
4746,2018-12-29
4747,2019-03-10
4748,2019-03-14
4749,2019-03-15
4750,2019-03-15
4751,2019-03-15
4752,2013-12-28
4753,2019-03-15
4754,2016-09-17
4755,2014-11-04
4756,2019-03-10
4757,2019-03-16
4758,2019-03-16
4759,2019-02-19
4760,2016-08-19
4761,2019-03-16
4762,2019-03-17
4763,2019-03-17
4764,2016-05-23
4765,2017-12-30
4766,2018-11-29
4767,2019-03-17
4768,2019-03-17
4769,2016-09-30
4770,2019-03-18
4771,2019-03-18
4772,2019-03-04
4773,2019-03-18
4774,2018-02-18
4775,2016-08-26
4776,2019-03-15
4777,2019-03-18
4778,2019-03-18
4779,2019-03-03
4780,2019-03-18
4781,2014-12-02
4782,2019-03-18
4783,2019-03-18
4784,2019-03-18
4785,2019-03-18
4786,2012-04-19
4787,2019-03-18
4788,2019-03-15
4789,2018-10-29
4790,2014-05-08
4791,2014-11-04
4792,2019-03-19
4793,2019-03-19
4794,2019-03-19
4795,2019-03-19
4796,2019-03-19
4797,2019-03-20
4798,2017-03-20
4799,2016-03-31
4800,2019-02-10
4801,2018-08-08
4802,2019-03-20
4803,2019-03-13
4804,2019-03-20
4805,2019-03-21
4806,2018-09-25
4807,2017-10-14
4808,2019-03-21
4809,2018-03-12
4810,2017-03-05
4811,2019-03-21
4812,2019-03-19
4813,2019-03-18
4814,2019-03-22
4815,2018-05-27
4816,2017-10-13
4817,2016-12-04
4818,2019-03-22
4819,2019-03-20
4820,2018-07-11
4821,2019-03-22
4822,2019-03-22
4823,2019-03-23
4824,2019-02-21
4825,2019-03-21
4826,2017-05-01
4827,2019-03-23
4828,2018-02-11
4829,2019-03-23
4830,2019-03-23
4831,2019-03-23
4832,2019-03-23
4833,2019-03-23
4834,2019-03-23
4835,2019-03-23
4836,2016-11-25
4837,2017-03-27
4838,2019-03-24
4839,2019-03-24
4840,2019-03-24
4841,2017-06-11
4842,2018-09-21
4843,2019-03-24
4844,2011-08-22
4845,2019-03-25
4846,2017-12-09
4847,2019-03-25
4848,2019-03-22
4849,2019-03-23
4850,2019-03-25
4851,2019-03-17
4852,2019-03-25
4853,2019-03-25
4854,2018-12-14
4855,2015-03-04
4856,2014-08-15
4857,2019-03-26
4858,2016-12-08
4859,2019-03-26
4860,2019-03-03
4861,2016-09-30
4862,2019-01-13
4863,2019-03-26
4864,2019-03-26
4865,2014-11-04
4866,2018-11-12
4867,2015-08-24
4868,2018-03-18
4869,2016-01-16
4870,2019-03-27
4871,2019-03-27
4872,2019-03-27
4873,2019-03-23
4874,2018-05-15
4875,2019-03-27
4876,2017-07-21
4877,2019-03-28
4878,2019-03-25
4879,2019-03-28
4880,2019-03-27
4881,2019-03-12
4882,2019-03-28
4883,2018-02-05
4884,2019-02-05
4885,2019-03-28
4886,2012-03-18
4887,2019-03-27
4888,2019-03-02
4889,2019-03-29
4890,2019-03-29
4891,2019-03-27
4892,2019-03-29
4893,2019-03-29
4894,2019-03-15
4895,2019-03-30
4896,2019-03-30
4897,2019-03-30
4898,2019-03-12
4899,2019-03-29
4900,2019-03-15
4901,2019-02-13
4902,2019-03-22
4903,2019-03-13
4904,2019-03-31
4905,2019-03-22
4906,2019-03-31
4907,2019-03-31
4908,2017-04-08
4909,2019-04-01
4910,2019-04-01
4911,2019-04-01
4912,2016-07-09
4913,2019-04-01
4914,2019-02-09
4915,2019-02-01
4916,2019-04-01
4917,2019-04-01
4918,2019-04-01
4919,2019-04-02
4920,2019-04-02
4921,2019-03-29
4922,2019-04-02
4923,2019-04-01
4924,2009-05-12
4925,2019-03-31
4926,2016-11-11
4927,2018-10-13
4928,2019-04-02
4929,2019-04-01
4930,2016-09-11
4931,2019-04-02
4932,2019-04-02
4933,2019-01-08
4934,2019-04-02
4935,2019-04-03
4936,2019-04-03
4937,2019-03-28
4938,2018-08-08
4939,2017-03-10
4940,2018-10-23
4941,2019-04-03
4942,2019-04-03
4943,2015-07-03
4944,2019-03-16
4945,2019-02-19
4946,2019-04-04
4947,2016-04-29
4948,2019-04-04
4949,2018-12-28
4950,2015-04-18
4951,2019-04-04
4952,2019-03-05
4953,2019-04-04
4954,2019-01-13
4955,2018-11-18
4956,2014-11-04
4957,2017-03-06
4958,2019-04-05
4959,2016-06-02
4960,2019-04-05
4961,2019-04-05
4962,2019-04-02
4963,2019-01-27
4964,2019-04-05
4965,2019-03-02
4966,2019-03-24
4967,2019-04-05
4968,2017-05-04
4969,2019-04-05
4970,2019-04-06
4971,2019-03-27
4972,2019-04-06
4973,2018-12-11
4974,2019-03-22
4975,2019-03-26
4976,2016-07-16
4977,2018-12-28
4978,2011-05-31
4979,2012-09-24
4980,2019-04-07
4981,2019-04-07
4982,2019-04-07
4983,2016-06-01
4984,2016-11-06
4985,2019-04-04
4986,2019-04-07
4987,2019-04-07
4988,2019-04-08
4989,2019-04-08
4990,2019-04-08
4991,2019-03-17
4992,2019-04-08
4993,2019-04-08
4994,2019-04-08
4995,2017-11-04
4996,2019-04-08
4997,2018-09-01
4998,2018-12-13
4999,2019-04-09
5000,2019-04-09
5001,2019-04-09
5002,2019-04-09
5003,2018-04-06
5004,2019-04-09
5005,2019-01-23
5006,2015-10-23
5007,2017-06-02
5008,2019-04-10
5009,2019-04-10
5010,2019-04-10
5011,2019-02-15
5012,2017-07-24
5013,2011-10-17
5014,2019-04-05
5015,2019-04-10
5016,2018-02-26
5017,2012-07-11
5018,2019-04-11
5019,2018-05-05
5020,2019-04-11
5021,2019-04-11
5022,2018-07-25
5023,2019-04-11
5024,2019-04-11
5025,2019-04-11
5026,2019-04-11
5027,2019-04-10
5028,2014-06-15
5029,2018-12-07
5030,2019-04-12
5031,2019-04-11
5032,2018-03-23
5033,2019-04-12
5034,2019-04-13
5035,2019-04-11
5036,2019-04-13
5037,2019-04-13
5038,2019-04-13
5039,2019-04-13
5040,2019-04-05
5041,2018-06-19
5042,2019-04-13
5043,2019-04-13
5044,2016-04-24
5045,2019-03-10
5046,2016-09-03
5047,2018-05-23
5048,2019-04-14
5049,2019-04-14
5050,2019-04-15
5051,2018-03-15
5052,2017-08-14
5053,2018-12-28
5054,2019-04-15
5055,2018-04-03
5056,2019-04-04
5057,2016-08-07
5058,2019-04-15
5059,2019-04-15
5060,2019-04-15
5061,2019-03-28
5062,2019-04-14
5063,2012-02-09
5064,2019-04-15
5065,2019-04-15
5066,2019-04-14
5067,2017-07-18
5068,2019-04-16
5069,2014-11-04
5070,2019-04-16
5071,2019-04-16
5072,2019-04-14
5073,2014-05-24
5074,2012-08-08
5075,2018-11-16
5076,2019-04-10
5077,2019-04-16
5078,2016-12-12
5079,2019-04-17
5080,2016-09-07
5081,2019-04-17
5082,2019-04-14
5083,2019-04-17
5084,2019-02-03
5085,2018-02-13
5086,2019-01-17
5087,2019-04-17
5088,2019-04-16
5089,2013-10-29
5090,2019-04-17
5091,2019-04-17
5092,2019-04-17
5093,2019-04-17
5094,2019-04-10
5095,2019-02-06
5096,2019-04-18
5097,2019-04-13
5098,2019-04-14
5099,2019-04-18
5100,2016-06-05
5101,2019-04-09
5102,2018-09-17
5103,2019-04-18
5104,2019-04-19
5105,2019-04-16
5106,2019-04-19
5107,2016-11-12
5108,2018-06-13
5109,2019-04-19
5110,2019-03-14
5111,2019-01-11
5112,2019-04-13
5113,2019-04-20
5114,2016-09-08
5115,2019-04-20
5116,2019-04-19
5117,2019-04-15
5118,2019-04-20
5119,2019-04-21
5120,2016-02-21
5121,2012-10-12
5122,2018-11-28
5123,2019-04-20
5124,2017-12-13
5125,2018-12-21
5126,2016-06-14
5127,2019-04-23
5128,2019-04-23
5129,2019-04-11
5130,2019-03-27
5131,2019-03-15
5132,2019-04-02
5133,2019-04-21
5134,2019-04-23
5135,2019-04-23
5136,2015-05-11
5137,2019-03-10
5138,2019-04-23
5139,2019-04-23
5140,2019-04-24
5141,2012-07-07
5142,2015-12-12
5143,2019-04-24
5144,2019-04-24
5145,2016-05-20
5146,2019-04-24
5147,2015-09-02
5148,2015-09-18
5149,2017-02-03
5150,2019-01-08
5151,2019-01-08
5152,2019-04-25
5153,2019-04-25
5154,2019-04-24
5155,2019-04-25
5156,2019-04-20
5157,2012-07-28
5158,2019-04-26
5159,2019-04-26
5160,2018-07-28
5161,2019-02-04
5162,2019-04-26
5163,2019-04-18
5164,2015-04-05
5165,2016-07-11
5166,2018-09-06
5167,2019-04-26
5168,2019-04-23
5169,2018-10-03
5170,2019-02-17
5171,2017-08-22
5172,2019-04-23
5173,2014-03-16
5174,2018-07-30
5175,2014-11-04
5176,2018-09-17
5177,2019-04-28
5178,2019-04-28
5179,2019-04-29
5180,2019-04-29
5181,2019-04-29
5182,2019-04-29
5183,2016-12-04
5184,2018-03-13
5185,2019-04-29
5186,2019-04-24
5187,2019-04-24
5188,2019-04-30
5189,2018-10-08
5190,2016-04-09
5191,2019-04-30
5192,2017-11-11
5193,2019-05-01
5194,2018-07-06
5195,2019-05-01
5196,2019-04-19
5197,2014-04-04
5198,2017-10-14
5199,2019-05-02
5200,2019-04-22
5201,2012-07-01
5202,2019-05-03
5203,2019-03-29
5204,2015-04-14
5205,2019-05-04
5206,2015-12-25
5207,2016-12-01
5208,2010-08-28
5209,2019-04-28
5210,2019-05-04
5211,2019-05-05
5212,2015-11-02
5213,2014-11-04
5214,2019-03-01
5215,2019-05-02
5216,2019-04-26
5217,2019-05-06
5218,2015-05-24
5219,2019-04-18
5220,2017-10-25
5221,2013-06-28
5222,2019-05-02
5223,2019-04-29
5224,2019-05-07
5225,2017-04-11
5226,2018-01-17
5227,2019-05-06
5228,2013-08-18
5229,2019-02-06
5230,2013-01-16
5231,2019-05-08
5232,2017-04-07
5233,2019-05-06
5234,2011-10-21
5235,2019-02-03
5236,2019-05-09
5237,2019-05-09
5238,2019-05-09
5239,2019-01-10
5240,2017-06-04
5241,2019-05-10
5242,2015-08-24
5243,2019-01-29
5244,2018-02-01
5245,2019-05-10
5246,2019-05-06
5247,2018-09-28
5248,2016-11-08
5249,2014-11-24
5250,2019-05-11
5251,2015-10-05
5252,2019-05-11
5253,2019-05-12
5254,2019-05-11
5255,2017-11-10
5256,2018-07-29
5257,2019-05-10
5258,2018-10-31
5259,2019-05-13
5260,2011-05-04
5261,2019-05-02
5262,2019-05-13
5263,2015-04-04
5264,2019-03-24
5265,2018-02-09
5266,2019-05-04
5267,2014-08-24
5268,2017-02-15
5269,2019-05-14
5270,2016-07-19
5271,2017-12-13
5272,2019-04-23
5273,2016-04-25
5274,2019-05-02
